segment_id,time_window,avg_vehicles,std_vehicles,min_vehicles,max_vehicles,sample_count,avg_cars,avg_motorcycles,avg_buses,avg_trucks,segment_name,lat,lon,hour,day_of_week,is_weekend,is_rush_hour
SEG_0001,2025-12-17 23:30:00,23.25,2.988614759686865,20,27,12,5.0,16.75,0.5,1.0,,10.766083,106.682186,23,2,0,0
SEG_0001,2025-12-17 23:45:00,23.9,2.8460498941515415,20,27,10,4.8,17.9,0.4,0.8,,10.766083,106.682186,23,2,0,0
SEG_0001,2025-12-18 00:00:00,23.25,3.058944729337693,20,27,8,5.0,16.75,0.5,1.0,,10.766083,106.682186,0,3,0,0
SEG_0001,2025-12-18 00:15:00,7.25,3.593976442141304,4,12,4,4.0,3.0,0.25,0.0,,10.766083,106.682186,0,3,0,0
SEG_0001,2025-12-18 00:30:00,4.277777777777778,3.1956874535307103,0,11,18,2.388888888888889,1.6111111111111112,0.1111111111111111,0.16666666666666666,,10.766083,106.682186,0,3,0,0
SEG_0001,2025-12-18 00:45:00,8.421052631578947,8.261798226870496,0,27,19,3.0,4.842105263157895,0.21052631578947367,0.3684210526315789,,10.766083,106.682186,0,3,0,0
SEG_0001,2025-12-18 01:00:00,3.5714285714285716,2.2253945610567474,1,7,7,1.4285714285714286,2.0,0.0,0.14285714285714285,,10.766083,106.682186,1,3,0,0
SEG_0001,2025-12-18 07:30:00,26.0,5.385164807134504,17,37,15,6.4,18.0,0.9333333333333333,0.6666666666666666,,10.766083,106.682186,7,3,0,1
SEG_0002,2025-12-18 01:00:00,1.5,0.7071067811865476,1,2,2,1.0,0.0,0.0,0.5,,10.751647,106.685,1,3,0,0
SEG_0003,2025-12-17 23:45:00,17.333333333333332,1.3662601021279464,16,19,6,5.333333333333333,10.333333333333334,0.3333333333333333,1.3333333333333333,,10.799514666666669,106.639976,23,2,0,0
SEG_0003,2025-12-18 00:45:00,3.0,2.6457513110645907,0,5,3,2.3333333333333335,0.6666666666666666,0.0,0.0,,10.799514666666669,106.639976,0,3,0,0
SEG_0003,2025-12-18 01:00:00,1.0,1.0,0,2,3,0.3333333333333333,0.6666666666666666,0.0,0.0,,10.799514666666669,106.639976,1,3,0,0
SEG_0004,2025-12-18 00:45:00,6.833333333333333,8.750238091998792,1,20,6,2.0,4.166666666666667,0.3333333333333333,0.3333333333333333,,10.8086265,106.6738855,0,3,0,0
SEG_0005,2025-12-18 00:45:00,10.166666666666666,9.073771725877467,2,25,12,6.333333333333333,2.9166666666666665,0.4166666666666667,0.5,,10.80026525,106.666838,0,3,0,0
SEG_0006,2025-12-17 23:45:00,28.0,0.0,28,28,2,15.0,10.0,1.0,2.0,,10.806588,106.635489,23,2,0,0
SEG_0006,2025-12-18 00:45:00,10.0,,10,10,1,7.0,0.0,0.0,3.0,,10.806588,106.635489,0,3,0,0
SEG_0006,2025-12-18 01:00:00,8.0,,8,8,1,6.0,0.0,1.0,1.0,,10.806588,106.635489,1,3,0,0
SEG_0007,2025-12-18 00:45:00,12.166666666666666,11.617515511789371,2,28,6,5.0,6.666666666666667,0.16666666666666666,0.3333333333333333,,10.7930705,106.679657,0,3,0,0
SEG_0008,2025-12-17 23:45:00,9.0,0.0,9,9,2,2.0,7.0,0.0,0.0,,10.803837,106.635723,23,2,0,0
SEG_0008,2025-12-18 00:45:00,2.0,,2,2,1,0.0,0.0,1.0,1.0,,10.803837,106.635723,0,3,0,0
SEG_0008,2025-12-18 01:00:00,2.0,,2,2,1,0.0,0.0,0.0,2.0,,10.803837,106.635723,1,3,0,0
SEG_0009,2025-12-17 23:45:00,10.666666666666666,8.310635755865292,0,17,6,2.6666666666666665,7.333333333333333,0.0,0.6666666666666666,,10.813939,106.63268,23,2,0,0
SEG_0009,2025-12-18 00:45:00,2.0,1.7320508075688772,0,3,3,0.6666666666666666,1.3333333333333333,0.0,0.0,,10.813939,106.63268,0,3,0,0
SEG_0009,2025-12-18 01:00:00,1.3333333333333333,1.5275252316519468,0,3,3,0.3333333333333333,1.0,0.0,0.0,,10.813939,106.63268,1,3,0,0
SEG_0010,2025-12-17 23:45:00,12.0,0.0,12,12,2,2.0,7.0,1.0,2.0,,10.810766,106.632513,23,2,0,0
SEG_0010,2025-12-18 00:45:00,1.0,,1,1,1,1.0,0.0,0.0,0.0,,10.810766,106.632513,0,3,0,0
SEG_0010,2025-12-18 01:00:00,3.0,,3,3,1,1.0,0.0,1.0,1.0,,10.810766,106.632513,1,3,0,0
SEG_0011,2025-12-18 00:45:00,7.083333333333333,7.867751594421062,0,21,12,3.0,3.4166666666666665,0.3333333333333333,0.3333333333333333,,10.7904145,106.68375,0,3,0,0
SEG_0012,2025-12-17 23:45:00,23.5,2.886751345948128,21,26,4,5.0,15.5,1.0,2.0,,10.7950365,106.655309,23,2,0,0
SEG_0012,2025-12-18 00:45:00,0.5,0.7071067811865476,0,1,2,0.5,0.0,0.0,0.0,,10.7950365,106.655309,0,3,0,0
SEG_0012,2025-12-18 01:00:00,5.5,6.363961030678928,1,10,2,3.0,2.0,0.0,0.5,,10.7950365,106.655309,1,3,0,0
SEG_0013,2025-12-18 00:45:00,7.333333333333333,2.516611478423583,5,10,3,4.333333333333333,1.0,0.6666666666666666,1.3333333333333333,,10.796513,106.674866,0,3,0,0
SEG_0014,2025-12-18 07:30:00,11.75,3.095695936834452,9,16,4,4.75,6.25,0.25,0.5,,10.7836645,106.6916595,7,3,0,1
SEG_0015,2025-12-17 23:30:00,11.636363636363637,3.8019133938775425,7,16,11,6.7272727272727275,4.0,0.2727272727272727,0.6363636363636364,,10.780816857142856,106.69537385714284,23,2,0,0
SEG_0015,2025-12-17 23:45:00,12.0,3.9370039370059056,7,16,5,6.4,4.8,0.2,0.6,,10.780816857142856,106.69537385714284,23,2,0,0
SEG_0015,2025-12-18 00:30:00,0.6666666666666666,0.5773502691896258,0,1,3,0.6666666666666666,0.0,0.0,0.0,,10.780816857142856,106.69537385714284,0,3,0,0
SEG_0015,2025-12-18 00:45:00,1.6666666666666667,2.0816659994661326,0,4,3,1.0,0.6666666666666666,0.0,0.0,,10.780816857142856,106.69537385714284,0,3,0,0
SEG_0015,2025-12-18 01:00:00,1.6,3.0495901363953815,0,7,5,1.0,0.6,0.0,0.0,,10.780816857142856,106.69537385714284,1,3,0,0
SEG_0015,2025-12-18 07:30:00,12.466666666666667,4.470005859163093,7,21,15,3.533333333333333,8.4,0.06666666666666667,0.4666666666666667,,10.780816857142856,106.69537385714284,7,3,0,1
SEG_0016,2025-12-18 00:45:00,0.0,0.0,0,0,3,0.0,0.0,0.0,0.0,,10.794442,106.677617,0,3,0,0
SEG_0017,2025-12-18 00:45:00,5.666666666666667,9.814954576223638,0,17,3,2.0,3.0,0.3333333333333333,0.3333333333333333,,10.804656,106.668644,0,3,0,0
SEG_0018,2025-12-18 00:45:00,3.0,3.605551275463989,0,7,3,1.3333333333333333,1.6666666666666667,0.0,0.0,,10.80858,106.67115,0,3,0,0
SEG_0019,2025-12-17 23:45:00,3.0,0.0,3,3,2,1.0,2.0,0.0,0.0,,10.836691,106.636086,23,2,0,0
SEG_0019,2025-12-18 00:45:00,0.0,,0,0,1,0.0,0.0,0.0,0.0,,10.836691,106.636086,0,3,0,0
SEG_0019,2025-12-18 01:00:00,0.0,,0,0,1,0.0,0.0,0.0,0.0,,10.836691,106.636086,1,3,0,0
SEG_0020,2025-12-17 23:30:00,18.2,5.06951674225463,12,26,5,5.4,12.0,0.4,0.4,,10.811001,106.7126754,23,2,0,0
SEG_0020,2025-12-17 23:45:00,18.2,5.06951674225463,12,26,5,5.4,12.0,0.4,0.4,,10.811001,106.7126754,23,2,0,0
SEG_0020,2025-12-18 01:00:00,3.4,2.073644135332772,2,7,5,2.2,1.0,0.0,0.2,,10.811001,106.7126754,1,3,0,0
SEG_0020,2025-12-18 07:30:00,19.133333333333333,5.276181880687514,6,29,15,5.4,12.2,0.8666666666666667,0.6666666666666666,,10.811001,106.7126754,7,3,0,1
SEG_0021,2025-12-17 23:30:00,21.0,4.242640687119285,18,24,2,7.5,10.0,2.5,1.0,,10.817187,106.712168,23,2,0,0
SEG_0021,2025-12-17 23:45:00,21.0,4.242640687119285,18,24,2,7.5,10.0,2.5,1.0,,10.817187,106.712168,23,2,0,0
SEG_0021,2025-12-18 01:00:00,4.5,0.7071067811865476,4,5,2,3.5,0.0,0.0,1.0,,10.817187,106.712168,1,3,0,0
SEG_0021,2025-12-18 07:30:00,22.5,5.205766033928148,14,28,6,6.833333333333333,13.833333333333334,0.6666666666666666,1.1666666666666667,,10.817187,106.712168,7,3,0,1
SEG_0022,2025-12-18 01:00:00,0.0,,0,0,1,0.0,0.0,0.0,0.0,,10.753629,106.684156,1,3,0,0
SEG_0023,2025-12-18 07:30:00,22.0,,22,22,1,6.0,12.0,2.0,2.0,,10.802034,106.708803,7,3,0,1
SEG_0024,2025-12-18 01:00:00,9.5,2.1213203435596424,8,11,2,7.5,1.5,0.0,0.5,,10.7557525,106.683414,1,3,0,0
SEG_0025,2025-12-17 23:45:00,32.0,0.0,32,32,2,7.0,19.0,1.0,5.0,,10.794966,106.652912,23,2,0,0
SEG_0025,2025-12-18 00:45:00,4.0,,4,4,1,4.0,0.0,0.0,0.0,,10.794966,106.652912,0,3,0,0
SEG_0025,2025-12-18 01:00:00,10.0,,10,10,1,4.0,5.0,1.0,0.0,,10.794966,106.652912,1,3,0,0
SEG_0026,2025-12-17 23:45:00,17.0,10.743768958264667,0,26,8,3.0,12.5,0.25,1.25,,10.76703825,106.67600975,23,2,0,0
SEG_0026,2025-12-18 00:30:00,2.0,1.8516401995451028,0,4,8,1.25,0.375,0.25,0.125,,10.76703825,106.67600975,0,3,0,0
SEG_0026,2025-12-18 00:45:00,2.25,2.6299556396765835,0,6,4,1.0,1.25,0.0,0.0,,10.76703825,106.67600975,0,3,0,0
SEG_0026,2025-12-18 01:00:00,2.5,3.0,0,6,4,1.0,1.25,0.0,0.25,,10.76703825,106.67600975,1,3,0,0
SEG_0026,2025-12-18 07:30:00,17.75,11.954775893619532,0,26,4,4.0,12.25,0.25,1.25,,10.76703825,106.67600975,7,3,0,1
SEG_0027,2025-12-18 00:45:00,10.5,9.00555384193554,1,23,6,2.1666666666666665,7.833333333333333,0.0,0.5,,10.777867,106.681375,0,3,0,0
SEG_0028,2025-12-18 07:30:00,13.0,,13,13,1,2.0,10.0,0.0,1.0,,10.79859,106.704997,7,3,0,1
SEG_0029,2025-12-18 00:45:00,6.333333333333333,7.767453465154029,0,15,3,0.6666666666666666,5.666666666666667,0.0,0.0,,10.779529,106.68213,0,3,0,0
SEG_0030,2025-12-18 00:45:00,4.0,6.928203230275509,0,12,3,1.6666666666666667,2.3333333333333335,0.0,0.0,,10.782496,106.683633,0,3,0,0
SEG_0031,2025-12-18 07:30:00,19.0,,19,19,1,7.0,10.0,2.0,0.0,,10.790535,106.697494,7,3,0,1
SEG_0032,2025-12-18 00:45:00,5.666666666666667,5.686240703077327,1,12,3,4.0,1.0,0.3333333333333333,0.3333333333333333,,10.796689,106.672708,0,3,0,0
SEG_0033,2025-12-17 23:30:00,17.0,,17,17,1,5.0,11.0,1.0,0.0,,10.784591,106.699668,23,2,0,0
SEG_0033,2025-12-17 23:45:00,17.0,,17,17,1,5.0,11.0,1.0,0.0,,10.784591,106.699668,23,2,0,0
SEG_0033,2025-12-18 01:00:00,0.0,,0,0,1,0.0,0.0,0.0,0.0,,10.784591,106.699668,1,3,0,0
SEG_0033,2025-12-18 07:30:00,19.5,0.7071067811865476,19,20,2,5.5,13.0,0.5,0.5,,10.784591,106.699668,7,3,0,1
SEG_0034,2025-12-17 23:30:00,14.0,0.0,14,14,2,4.0,10.0,0.0,0.0,,10.779097,106.697404,23,2,0,0
SEG_0034,2025-12-18 00:30:00,0.0,,0,0,1,0.0,0.0,0.0,0.0,,10.779097,106.697404,0,3,0,0
SEG_0034,2025-12-18 00:45:00,0.0,,0,0,1,0.0,0.0,0.0,0.0,,10.779097,106.697404,0,3,0,0
SEG_0035,2025-12-17 23:30:00,22.5,2.1213203435596424,21,24,2,9.0,12.0,0.0,1.5,,10.786587,106.701597,23,2,0,0
SEG_0035,2025-12-17 23:45:00,22.5,2.1213203435596424,21,24,2,9.0,12.0,0.0,1.5,,10.786587,106.701597,23,2,0,0
SEG_0035,2025-12-18 01:00:00,3.5,0.7071067811865476,3,4,2,2.5,0.0,0.5,0.5,,10.786587,106.701597,1,3,0,0
SEG_0035,2025-12-18 07:30:00,17.0,13.74772708486752,5,32,3,4.0,13.0,0.0,0.0,,10.786587,106.701597,7,3,0,1
SEG_0036,2025-12-17 23:30:00,19.0,5.656854249492381,15,23,2,4.0,13.0,1.5,0.5,,10.788247,106.704055,23,2,0,0
SEG_0036,2025-12-17 23:45:00,19.0,5.656854249492381,15,23,2,4.0,13.0,1.5,0.5,,10.788247,106.704055,23,2,0,0
SEG_0036,2025-12-18 01:00:00,1.5,2.1213203435596424,0,3,2,1.0,0.5,0.0,0.0,,10.788247,106.704055,1,3,0,0
SEG_0036,2025-12-18 07:30:00,21.5,4.932882862316247,15,27,4,6.5,14.0,0.25,0.75,,10.788247,106.704055,7,3,0,1
SEG_0037,2025-12-17 23:30:00,23.0,0.0,23,23,3,3.0,19.0,0.0,1.0,,10.767909,106.68546,23,2,0,0
SEG_0037,2025-12-17 23:45:00,23.0,,23,23,1,3.0,19.0,0.0,1.0,,10.767909,106.68546,23,2,0,0
SEG_0037,2025-12-18 00:00:00,23.0,0.0,23,23,2,3.0,19.0,0.0,1.0,,10.767909,106.68546,0,3,0,0
SEG_0037,2025-12-18 00:15:00,1.0,,1,1,1,1.0,0.0,0.0,0.0,,10.767909,106.68546,0,3,0,0
SEG_0037,2025-12-18 00:30:00,2.6666666666666665,1.1547005383792517,2,4,3,2.0,0.6666666666666666,0.0,0.0,,10.767909,106.68546,0,3,0,0
SEG_0037,2025-12-18 00:45:00,7.75,10.242883708539633,1,23,4,1.25,6.25,0.0,0.25,,10.767909,106.68546,0,3,0,0
SEG_0037,2025-12-18 01:00:00,1.0,,1,1,1,1.0,0.0,0.0,0.0,,10.767909,106.68546,1,3,0,0
SEG_0037,2025-12-18 07:30:00,21.666666666666668,3.511884584284246,18,25,3,3.3333333333333335,18.333333333333332,0.0,0.0,,10.767909,106.68546,7,3,0,1
SEG_0038,2025-12-17 23:30:00,17.555555555555557,6.692897115216383,6,25,27,4.444444444444445,12.222222222222221,0.2222222222222222,0.6666666666666666,,10.772601222222224,106.6873918888889,23,2,0,0
SEG_0038,2025-12-17 23:45:00,17.555555555555557,6.966188181335455,6,25,9,4.444444444444445,12.222222222222221,0.2222222222222222,0.6666666666666666,,10.772601222222224,106.6873918888889,23,2,0,0
SEG_0038,2025-12-18 00:30:00,2.5555555555555554,2.068278940998476,0,6,9,1.4444444444444444,0.8888888888888888,0.0,0.2222222222222222,,10.772601222222224,106.6873918888889,0,3,0,0
SEG_0038,2025-12-18 00:45:00,2.4444444444444446,1.9436506316151,0,6,9,1.4444444444444444,0.6666666666666666,0.0,0.3333333333333333,,10.772601222222224,106.6873918888889,0,3,0,0
SEG_0038,2025-12-18 01:00:00,4.888888888888889,3.689323936863109,0,11,9,2.888888888888889,1.3333333333333333,0.1111111111111111,0.5555555555555556,,10.772601222222224,106.6873918888889,1,3,0,0
SEG_0038,2025-12-18 07:30:00,18.807692307692307,7.85375951131294,5,31,26,4.0,13.653846153846153,0.19230769230769232,0.9615384615384616,,10.772601222222224,106.6873918888889,7,3,0,1
SEG_0039,2025-12-17 23:45:00,22.0,0.0,22,22,2,7.0,15.0,0.0,0.0,,10.766331,106.678641,23,2,0,0
SEG_0039,2025-12-18 00:30:00,3.0,1.4142135623730951,2,4,2,1.5,1.0,0.0,0.5,,10.766331,106.678641,0,3,0,0
SEG_0039,2025-12-18 00:45:00,4.0,,4,4,1,0.0,4.0,0.0,0.0,,10.766331,106.678641,0,3,0,0
SEG_0039,2025-12-18 01:00:00,2.0,,2,2,1,0.0,2.0,0.0,0.0,,10.766331,106.678641,1,3,0,0
SEG_0039,2025-12-18 07:30:00,22.0,,22,22,1,4.0,17.0,0.0,1.0,,10.766331,106.678641,7,3,0,1
SEG_0040,2025-12-18 00:00:00,25.0,0.0,25,25,2,1.0,24.0,0.0,0.0,,10.772718,106.679174,0,3,0,0
SEG_0040,2025-12-18 00:15:00,5.0,,5,5,1,5.0,0.0,0.0,0.0,,10.772718,106.679174,0,3,0,0
SEG_0040,2025-12-18 00:30:00,1.0,0.0,1,1,2,0.0,0.0,0.0,1.0,,10.772718,106.679174,0,3,0,0
SEG_0040,2025-12-18 00:45:00,8.666666666666666,14.153915830374762,0,25,3,0.6666666666666666,8.0,0.0,0.0,,10.772718,106.679174,0,3,0,0
SEG_0041,2025-12-17 23:30:00,16.0,,16,16,1,3.0,11.0,1.0,1.0,,10.80653,106.712634,23,2,0,0
SEG_0041,2025-12-17 23:45:00,16.0,,16,16,1,3.0,11.0,1.0,1.0,,10.80653,106.712634,23,2,0,0
SEG_0041,2025-12-18 01:00:00,2.0,,2,2,1,2.0,0.0,0.0,0.0,,10.80653,106.712634,1,3,0,0
SEG_0041,2025-12-18 07:30:00,17.666666666666668,3.0550504633038935,15,21,3,3.3333333333333335,13.666666666666666,0.6666666666666666,0.0,,10.80653,106.712634,7,3,0,1
SEG_0042,2025-12-17 23:30:00,23.0,,23,23,1,3.0,19.0,1.0,0.0,,10.792779,106.707398,23,2,0,0
SEG_0042,2025-12-17 23:45:00,23.0,,23,23,1,3.0,19.0,1.0,0.0,,10.792779,106.707398,23,2,0,0
SEG_0042,2025-12-18 01:00:00,6.0,,6,6,1,3.0,3.0,0.0,0.0,,10.792779,106.707398,1,3,0,0
SEG_0042,2025-12-18 07:30:00,26.0,5.656854249492381,22,30,2,3.0,23.0,0.0,0.0,,10.792779,106.707398,7,3,0,1
SEG_0043,2025-12-18 00:45:00,5.5,7.816648898345122,0,19,6,1.8333333333333333,3.5,0.0,0.16666666666666666,,10.7846395,106.6839355,0,3,0,0
SEG_0044,2025-12-18 00:00:00,12.0,0.0,12,12,2,5.0,7.0,0.0,0.0,,10.770044,106.682118,0,3,0,0
SEG_0044,2025-12-18 00:15:00,0.0,,0,0,1,0.0,0.0,0.0,0.0,,10.770044,106.682118,0,3,0,0
SEG_0044,2025-12-18 00:30:00,0.0,0.0,0,0,2,0.0,0.0,0.0,0.0,,10.770044,106.682118,0,3,0,0
SEG_0044,2025-12-18 00:45:00,4.0,6.928203230275509,0,12,3,1.6666666666666667,2.3333333333333335,0.0,0.0,,10.770044,106.682118,0,3,0,0
SEG_0045,2025-12-17 23:45:00,18.0,0.0,18,18,2,8.0,8.0,1.0,1.0,,10.767864,106.671538,23,2,0,0
SEG_0045,2025-12-18 00:45:00,2.0,,2,2,1,1.0,0.0,0.0,1.0,,10.767864,106.671538,0,3,0,0
SEG_0045,2025-12-18 01:00:00,2.0,,2,2,1,1.0,0.0,1.0,0.0,,10.767864,106.671538,1,3,0,0
SEG_0045,2025-12-18 07:30:00,13.0,,13,13,1,4.0,9.0,0.0,0.0,,10.767864,106.671538,7,3,0,1
SEG_0046,2025-12-17 23:45:00,11.0,9.237604307034012,3,19,4,2.0,9.0,0.0,0.0,,10.7695165,106.6658855,23,2,0,0
SEG_0046,2025-12-18 00:45:00,1.0,1.4142135623730951,0,2,2,1.0,0.0,0.0,0.0,,10.7695165,106.6658855,0,3,0,0
SEG_0046,2025-12-18 01:00:00,0.5,0.7071067811865476,0,1,2,0.5,0.0,0.0,0.0,,10.7695165,106.6658855,1,3,0,0
SEG_0047,2025-12-18 07:30:00,16.0,,16,16,1,0.0,15.0,0.0,1.0,,10.785824,106.641599,7,3,0,1
SEG_0048,2025-12-17 23:45:00,17.0,0.0,17,17,2,5.0,11.0,1.0,0.0,,10.798063,106.643757,23,2,0,0
SEG_0048,2025-12-18 00:45:00,2.0,,2,2,1,2.0,0.0,0.0,0.0,,10.798063,106.643757,0,3,0,0
SEG_0048,2025-12-18 01:00:00,4.0,,4,4,1,1.0,2.0,0.0,1.0,,10.798063,106.643757,1,3,0,0
SEG_0049,2025-12-17 23:45:00,24.5,6.350852961085883,19,30,4,12.0,10.5,0.5,1.5,,10.823473,106.629778,23,2,0,0
SEG_0049,2025-12-18 00:45:00,3.0,2.8284271247461903,1,5,2,2.0,0.5,0.0,0.5,,10.823473,106.629778,0,3,0,0
SEG_0049,2025-12-18 01:00:00,7.0,1.4142135623730951,6,8,2,5.5,1.0,0.0,0.5,,10.823473,106.629778,1,3,0,0
SEG_0050,2025-12-18 07:30:00,22.0,,22,22,1,7.0,15.0,0.0,0.0,,10.792666,106.699286,7,3,0,1
SEG_0051,2025-12-17 23:45:00,23.0,0.0,23,23,2,2.0,21.0,0.0,0.0,,10.77315,106.663929,23,2,0,0
SEG_0051,2025-12-18 00:45:00,3.0,,3,3,1,0.0,3.0,0.0,0.0,,10.77315,106.663929,0,3,0,0
SEG_0051,2025-12-18 01:00:00,1.0,,1,1,1,1.0,0.0,0.0,0.0,,10.77315,106.663929,1,3,0,0
