name,image_local_path,lat,lng
Ikigai Sushi - Cao Thắng,images/restaurant/Ikigai Sushi - Cao Thắng/cover.jpg,10.768922727107832, 106.68401765725541
Gyu Shige Ngưu Phồn - Nguyễn Thị Minh Khai,images/restaurant/Gyu Shige Ngưu Phồn - Nguyễn Thị Minh Khai/cover.jpg,10.770372044810097, 106.68627358239243
King BBQ Buffet - Lê Văn Sỹ,images/restaurant/King BBQ Buffet - Lê Văn Sỹ/cover.jpg,10.796370195431422, 106.66548919588583
Madame Lam - Trần Ngọc Diện,images/restaurant/Madame Lam - Trần Ngọc Diện/cover.jpg,10.803210669687186, 106.73896058054343
Isshin Izakaya - Cobi,images/restaurant/Isshin Izakaya - Cobi/cover.jpg,10.731055683971597, 106.72470526704967
Reski Hotpot - Nguyễn Thị Thập,images/restaurant/Reski Hotpot - Nguyễn Thị Thập/cover.jpg,10.739610830482716, 106.70819874191268
Quán Gần Nhà - Thạnh Lộc,images/restaurant/Quán Gần Nhà - Thạnh Lộc/cover.jpg,10.871370087679821, 106.68041579588646
Galbi House – Mega Market Hiệp Phú,images/restaurant/Galbi House – Mega Market Hiệp Phú/cover.jpg,10.863825803230647, 106.6476659247221
Nhà hàng Pendolasco - Thảo Điền,images/restaurant/Nhà hàng Pendolasco - Thảo Điền/cover.jpg,10.806412630974773, 106.73428489403669
Ẩm Thực Chay Tuệ - Trần Hưng Đạo,images/restaurant/Ẩm Thực Chay Tuệ - Trần Hưng Đạo/cover.jpg,10.764000430728304, 106.6913231805432
Miya Sushi & BBQ - Nguyễn Trãi,images/restaurant/Miya Sushi & BBQ - Nguyễn Trãi/cover.jpg,10.770185247991956, 106.6900714805432
Tân Hải Vân - Nguyễn Trãi,images/restaurant/Tân Hải Vân - Nguyễn Trãi/cover.jpg,10.769602727254584, 106.6905025130773
Kingscross - Tôn Dật Tiên,images/restaurant/Kingscross - Tôn Dật Tiên/cover.jpg,10.727914787850585, 106.71943812287154
Phố Bia - Lê Văn Lương,images/restaurant/Phố Bia - Lê Văn Lương/cover.jpg,10.732948309611384, 106.70151951196884
Nhà hàng Bắc Kim Thang - Crescent Mall,images/restaurant/Nhà hàng Bắc Kim Thang - Crescent Mall/cover.jpg,10.729304956200908, 106.71893746889874
Chay Bồ Đề Tịnh Tâm - Trần Não,images/restaurant/Chay Bồ Đề Tịnh Tâm - Trần Não/cover.jpg,10.792216583517881, 106.73027408054332
Lion City - Lê Anh Xuân,images/restaurant/Lion City - Lê Anh Xuân/cover.jpg,10.772479584720026, 106.69517722472126
Ông Otis Lounge - Trần Quang Khải,images/restaurant/Ông Otis Lounge - Trần Quang Khải/cover.jpg,10.792719404895683, 106.69545508054335
Gu - Nhậu Đúng Chất - Trường Sa,images/restaurant/Gu - Nhậu Đúng Chất - Trường Sa/cover.jpg,10.78865999307364, 106.681357486022
Hoa Viên Đệ Nhất - Hoàng Việt,images/restaurant/Hoa Viên Đệ Nhất - Hoàng Việt/cover.jpg,10.796286995469417, 106.65997682472143
Ẩm Thực Việt Phố - Đường 24,images/restaurant/Ẩm Thực Việt Phố - Đường 24/cover.jpg,10.742598938316847, 106.62980812657014
Aqua Sky Bar - La Siesta Premium Saigon Central - Lê Anh Xuân,images/restaurant/Aqua Sky Bar - La Siesta Premium Saigon Central - Lê Anh Xuân/cover.jpg,10.772042189730264, 106.69492059891964
Tám Riêu - Lý Chính Thắng,images/restaurant/Tám Riêu - Lý Chính Thắng/cover.jpg,10.787522031146715, 106.6846653805434
Khao Lao - Vạn Hạnh Mall,images/restaurant/Khao Lao - Vạn Hạnh Mall/cover.jpg,10.770788285905356, 106.66966853821434
Cơm Niêu Làng Tre - Đường 21,images/restaurant/Cơm Niêu Làng Tre - Đường 21/cover.jpg,10.84307249946872, 106.6519879958863
Ngõ 8 - Võ Văn Tần,images/restaurant/Ngõ 8 - Võ Văn Tần/cover.jpg,10.777700341472256, 106.69137495170764
King BBQ Buffet – Phan Văn Trị,images/restaurant/King BBQ Buffet – Phan Văn Trị/cover.jpg,10.827229284098184, 106.68891469588611
Mrsimple Steakhouse - Trương Quyền,images/restaurant/Mrsimple Steakhouse - Trương Quyền/cover.jpg,10.78732123505964, 106.69214435170775
Meiwei - Aeon Mall Tân Phú,images/restaurant/Meiwei - Aeon Mall Tân Phú/cover.jpg,10.801867409134461, 106.61754715355715
Cơm Niêu Thiên Lý - Âu Cơ,images/restaurant/Cơm Niêu Thiên Lý - Âu Cơ/cover.jpg,10.790344224505498, 106.64035795170776
Pachi Pachi - Mạc Đĩnh Chi,images/restaurant/Pachi Pachi - Mạc Đĩnh Chi/cover.jpg,10.787516538716693, 106.69697964006384
Zoody Quán - Đường số 10,images/restaurant/Zoody Quán - Đường số 10/cover.jpg,10.82958420528517, 106.73167982113893
Lobster Bay - Nhà Hàng Hải Sản Kiểu Mỹ - Kỳ Đồng,images/restaurant/Lobster Bay - Nhà Hàng Hải Sản Kiểu Mỹ - Kỳ Đồng/cover.jpg,10.784687854844908, 106.68285264006376
Quán Đồng Quê 3 - Nguyễn Văn Khối,images/restaurant/Quán Đồng Quê 3 - Nguyễn Văn Khối/cover.jpg,10.84255676410585, 106.6552436864068
Ichihana Sushi – Cao Thắng,images/restaurant/Ichihana Sushi – Cao Thắng/cover.jpg,10.771526564996437, 106.68032799403636
Viet Village - Đinh Tiên Hoàng,images/restaurant/Viet Village - Đinh Tiên Hoàng/cover.jpg,10.788825873253996, 106.69912848054337
Phương Mai Chay Quán - Võ Thị Sáu,images/restaurant/Phương Mai Chay Quán - Võ Thị Sáu/cover.jpg,10.78926593376275, 106.69221212657062
DaBee Rooftop - Nguyễn Duy Dương,images/restaurant/DaBee Rooftop - Nguyễn Duy Dương/cover.jpg,10.756221236446592, 106.67211276704987
Blue - Nướng & Lẩu Hàn Quốc - Hoàng Văn Thụ,images/restaurant/Blue - Nướng & Lẩu Hàn Quốc - Hoàng Văn Thụ/cover.jpg,10.800508732325872, 106.67050624191327
The LOG - GEM Center,images/restaurant/The LOG - GEM Center/cover.jpg,10.79017938975695, 106.70234399588573
King BBQ Buffet – Aeon Mall Tân Phú,images/restaurant/King BBQ Buffet – Aeon Mall Tân Phú/cover.jpg,10.801867057801358, 106.61787306889954
Hoàng Yến Cuisine - Tôn Dật Tiên,images/restaurant/Hoàng Yến Cuisine - Tôn Dật Tiên/cover.jpg,10.727718092030116, 106.71964851122767
Happy Garden - Nguyễn Văn Luông,images/restaurant/Happy Garden - Nguyễn Văn Luông/cover.jpg,10.743058446113098, 106.63472070937854
Hầm Rượu Lộc Vàng - Bông Sao,images/restaurant/Hầm Rượu Lộc Vàng - Bông Sao/cover.jpg,10.736019651277477, 106.66329228054279
Toshiro BBQ - Đường số 39,images/restaurant/Toshiro BBQ - Đường số 39/cover.jpg,10.744049667680892, 106.71461993821414
Ẩm Thực Quê Nhà – Phạm Ngọc Thạch,images/restaurant/Ẩm Thực Quê Nhà – Phạm Ngọc Thạch/cover.jpg,10.784820851441985, 106.69401453821455
Soul Bến Thành - Thủ Khoa Huân,images/restaurant/Soul Bến Thành - Thủ Khoa Huân/cover.jpg,10.773542441589436, 106.6975368977349
Lẩu Gà Ớt Hiểm 109 - Phạm Ngũ Lão,images/restaurant/Lẩu Gà Ớt Hiểm 109 - Phạm Ngũ Lão/cover.jpg,10.821643578464498, 106.68269375170802
Nhà Hàng Chuyện Ba Bữa - Saigonese Cuisine House - Nguyễn Đình Chiểu,images/restaurant/Nhà Hàng Chuyện Ba Bữa - Saigonese Cuisine House - Nguyễn Đình Chiểu/cover.jpg,10.788410216698635, 106.69901608054337
The Wann - Bùi Thị Xuân,images/restaurant/The Wann - Bùi Thị Xuân/cover.jpg,10.771271043896965, 106.68966607869396
El Barón Whiskey & Cigar Lounge - Hưng Phước 4,images/restaurant/El Barón Whiskey & Cigar Lounge - Hưng Phước 4/cover.jpg,10.729955690770238, 106.70731383068487
Downtown Steakhouse - Hoa Mai,images/restaurant/Downtown Steakhouse - Hoa Mai/cover.jpg,10.797252606239015, 106.68775905355719
Ngọc Sương Sài Gòn - Sương Nguyệt Ánh,images/restaurant/Ngọc Sương Sài Gòn - Sương Nguyệt Ánh/cover.jpg,10.772034524818219, 106.68854623821434
Moon Go - Ẩm Thực Hàn Quốc - Phan Đăng Lưu,images/restaurant/Moon Go - Ẩm Thực Hàn Quốc - Phan Đăng Lưu/cover.jpg,10.799709049163306, 106.68086763821466
Cơm Niêu Thiên Lý - Phan Đăng Lưu,images/restaurant/Cơm Niêu Thiên Lý - Phan Đăng Lưu/cover.jpg,10.80441365556449, 106.68675706705025
Soi Thai - Vinhomes Grand Park,images/restaurant/Soi Thai - Vinhomes Grand Park/cover.jpg,10.845434196205312, 106.8365605958863
Cơm Niêu Thiên Lý - Nguyễn Cơ Thạch,images/restaurant/Cơm Niêu Thiên Lý - Nguyễn Cơ Thạch/cover.jpg,10.770465107254065, 106.72469369588556
Fashionista Café - Fashion & Cuisine - Phùng Khắc Khoan,images/restaurant/Fashionista Café - Fashion & Cuisine - Phùng Khắc Khoan/cover.jpg,10.785659821710997, 106.69718532657069
Hoàng Ty - Mạc Đĩnh Chi,images/restaurant/Hoàng Ty - Mạc Đĩnh Chi/cover.jpg,10.787160078146236, 106.69734884006382
Nhà hàng Đại Dương - Minh Phụng,images/restaurant/Nhà hàng Đại Dương - Minh Phụng/cover.jpg,10.756162597858603, 106.6437778572552
Cơm Niêu Thiên Lý - Hà Đô,images/restaurant/Cơm Niêu Thiên Lý - Hà Đô/cover.jpg,10.77729325857528, 106.67919909029752
DẠ Dining - Nguyễn Thị Minh Khai,images/restaurant/DẠ Dining - Nguyễn Thị Minh Khai/cover.jpg,10.782925916799346, 106.69741373821451
Chill Thai - Hồng Hà,images/restaurant/Chill Thai - Hồng Hà/cover.jpg,10.813999347140063, 106.66975930752999
Nhà hàng Phi Phố Biển - Lê Hồng Phong,images/restaurant/Nhà hàng Phi Phố Biển - Lê Hồng Phong/cover.jpg,10.775222244757146, 106.67189305540604
Nam Phương Lầu - Nguyễn Thị Diệu,images/restaurant/Nam Phương Lầu - Nguyễn Thị Diệu/cover.jpg,10.776664187468043, 106.68948481122816
Mala Panda - Sư Vạn Hạnh - Quận 10,images/restaurant/Mala Panda - Sư Vạn Hạnh - Quận 10/cover.jpg,10.772839204952916, 106.66931580937879
Thai Market - Aeon Mall Bình Tân,images/restaurant/Thai Market - Aeon Mall Bình Tân/cover.jpg,10.742996064557024, 106.61184526520054
Bánh Tráng An Vũ - Thoại Ngọc Hầu,images/restaurant/Bánh Tráng An Vũ - Thoại Ngọc Hầu/cover.jpg,10.784479997604286, 106.639605997735
Phố 79 - Phạm Ngọc Thạch,images/restaurant/Phố 79 - Phạm Ngọc Thạch/cover.jpg,10.781978659747088, 106.69655526889937
Chay Garden Vegetarian Restaurant & Coffee – Võ Văn Tần,images/restaurant/Chay Garden Vegetarian Restaurant & Coffee – Võ Văn Tần/cover.jpg,10.778455359653602, 106.69073664006372
Kampong Chicken House - Cơm Gà Hải Nam - Hồ Tùng Mậu,images/restaurant/Kampong Chicken House - Cơm Gà Hải Nam - Hồ Tùng Mậu/cover.jpg,10.771814463751502, 106.70375302472122
Nhà hàng Chay An & Cafe - Phạm Thái Bường,images/restaurant/Nhà hàng Chay An & Cafe - Phạm Thái Bường/cover.jpg,10.727800557303635, 106.71242888054273
Basta Hiro - Pizza & Pasta - Vincom Mega Mall Thảo Điền,images/restaurant/Basta Hiro - Pizza & Pasta - Vincom Mega Mall Thảo Điền/cover.jpg,10.802559047460448, 106.7409726112283
Mr.Ox Steak House - Nguyễn Văn Đậu,images/restaurant/Mr.Ox Steak House - Nguyễn Văn Đậu/cover.jpg,10.806085422536365, 106.68778762287229
Nhà Hàng Ẩm Thực Ven Sông Hương Quê - Thủ Đức,images/restaurant/Nhà Hàng Ẩm Thực Ven Sông Hương Quê - Thủ Đức/cover.jpg,10.853439346627063, 106.71840669342816
Kappou Nishiyama - Pasteur,images/restaurant/Kappou Nishiyama - Pasteur/cover.jpg,10.7753398637056, 106.70100298239242
BA GÁC - Nam Kỳ Khởi Nghĩa,images/restaurant/BA GÁC - Nam Kỳ Khởi Nghĩa/cover.jpg,10.772139744090628, 106.70046509588565
Yuhua - Taiwanese Hotpot Paradise - Lê Văn Sỹ,images/restaurant/Yuhua - Taiwanese Hotpot Paradise - Lê Văn Sỹ/cover.jpg,10.794936468963277, 106.6675254958858
Miya Sushi - Huỳnh Mẫn Đạt,images/restaurant/Miya Sushi - Huỳnh Mẫn Đạt/cover.jpg,10.790889758812035, 106.70863964006368
Nhà hàng Bắc Kim Thang - Estella Place,images/restaurant/Nhà hàng Bắc Kim Thang - Estella Place/cover.jpg,10.80198293793343, 106.74831838239267
Cơm Niêu Sài Gòn – Tú Xương,images/restaurant/Cơm Niêu Sài Gòn – Tú Xương/cover.jpg,10.782242175021983, 106.68789949403644
Ẩm Thực Chay Tuệ - Nguyễn Bính,images/restaurant/Ẩm Thực Chay Tuệ - Nguyễn Bính/cover.jpg,10.728292639572127, 106.71033160937837
Kậu Ba Quán - Hoàng Sa,images/restaurant/Kậu Ba Quán - Hoàng Sa/cover.jpg,10.792787365772522, 106.70180230937895
Galbi House - Lê Trọng Tấn,images/restaurant/Galbi House - Lê Trọng Tấn/cover.jpg,10.809066566946923, 106.61624598054357
Ẩm Thực Nhà Tôi - Vành Đai Trong,images/restaurant/Ẩm Thực Nhà Tôi - Vành Đai Trong/cover.jpg,10.7434461129141, 106.6153480670497
Buffet Chay - Khách Sạn Viễn Đông,images/restaurant/Buffet Chay - Khách Sạn Viễn Đông/cover.jpg,10.751620013355504, 106.66544198054304
Ẩm Thực Quê Nhà - Nguyễn Thái Bình,images/restaurant/Ẩm Thực Quê Nhà - Nguyễn Thái Bình/cover.jpg,10.799307804722952, 106.65520703821456
Cơm Niêu Thiên Lý - Dương Quang Đông,images/restaurant/Cơm Niêu Thiên Lý - Dương Quang Đông/cover.jpg,10.73902416024917, 106.66741036693824
GHIỀN BBQ Nướng & Lẩu - Lê Cơ,images/restaurant/GHIỀN BBQ Nướng & Lẩu - Lê Cơ/cover.jpg,10.7267401580808, 106.61307964191255
Buffet Chay Cỏ Nội - Khách Sạn Bông Sen,images/restaurant/Buffet Chay Cỏ Nội - Khách Sạn Bông Sen/cover.jpg,10.775243146393882, 106.70375578821448
Chang - Lotte Mart Gò Vấp,images/restaurant/Chang - Lotte Mart Gò Vấp/cover.jpg,10.83792722607857, 106.67094936705064
East West Brewing Co. - Lý Tự Trọng,images/restaurant/East West Brewing Co. - Lý Tự Trọng/cover.jpg, 10.77327762390338, 106.69617594006368
BA GÁC - Xuân Thuỷ,images/restaurant/BA GÁC - Xuân Thuỷ/cover.jpg,10.803564272360855, 106.73099462287232
Thai Market - Emart Phan Văn Trị,images/restaurant/Thai Market - Emart Phan Văn Trị/cover.jpg,10.823302880620929, 106.69343018380638
Quán Lão Trư – Street Food BBQ & Beer – Song Hành,images/restaurant/Quán Lão Trư – Street Food BBQ & Beer – Song Hành/cover.jpg,10.7995953821529, 106.73457648239271
Bò Tơ Tây Ninh Năm Sánh – Phạm Hùng,images/restaurant/Bò Tơ Tây Ninh Năm Sánh – Phạm Hùng/cover.jpg,10.733059118043656, 106.67396582287168
Unatoto - Nguyễn Hồng Đào,images/restaurant/Unatoto - Nguyễn Hồng Đào/cover.jpg,10.790564863421562, 106.64051750937901
Lạc Thái 7 - Xuân Thủy,images/restaurant/Lạc Thái 7 - Xuân Thủy/cover.jpg,10.80316974709545, 106.73073244985854
Gyu Shige Ngưu Phồn - Trần Hưng Đạo,images/restaurant/Gyu Shige Ngưu Phồn - Trần Hưng Đạo/cover.jpg,10.769412808362356, 106.69622670937869
Cua Ngon - Hương Vị Đất Mũi - Nguyễn Thái Bình,images/restaurant/Cua Ngon - Hương Vị Đất Mũi - Nguyễn Thái Bình/cover.jpg,10.796164745981798, 106.6509792385217
Le Monde Steak - Nguyễn Thị Minh Khai,images/restaurant/Le Monde Steak - Nguyễn Thị Minh Khai/cover.jpg,10.786257575055862, 106.7012731250276
Dê Quay Phố Quen - Trương Công Định,images/restaurant/Dê Quay Phố Quen - Trương Công Định/cover.jpg,10.797779239162647, 106.64152130968657
Hai Lúa - Nguyễn Trãi,images/restaurant/Hai Lúa - Nguyễn Trãi/cover.jpg,10.753934578545454, 106.66444774036856
Cơm Tấm Thuận Kiều - Đặng Đức Thuật,images/restaurant/Cơm Tấm Thuận Kiều - Đặng Đức Thuật/cover.jpg,10.725829307154411, 106.70934545201534
Karaku - Yên Hoả Japanese BBQ - Song Hành,images/restaurant/Karaku - Yên Hoả Japanese BBQ - Song Hành/cover.jpg, 10.800599477152097, 106.74074093852185
Yakimono - Phan Xích Long,images/restaurant/Yakimono - Phan Xích Long/cover.jpg,10.797817348450016, 106.6893201101147
Rakuen BBQ - Bàu Cát,images/restaurant/Rakuen BBQ - Bàu Cát/cover.jpg,10.792687504923975, 106.64210413852167
Cơm Xưa – Trần Cao Vân,images/restaurant/Cơm Xưa – Trần Cao Vân/cover.jpg,10.784568058201657, 106.69732318085103
Mabu-KKO Chi - Thái Văn Lung,images/restaurant/Mabu-KKO Chi - Thái Văn Lung/cover.jpg,10.779712819165086, 106.70444123852164
Buffet Gánh - Khách Sạn Bông Sen,images/restaurant/Buffet Gánh - Khách Sạn Bông Sen/cover.jpg,10.775429422318805, 106.70376618085105
Ghiền Quán - Hoàng Sa,images/restaurant/Ghiền Quán - Hoàng Sa/cover.jpg,10.795489163400529, 106.69003338085115
Cơm Gà Thượng Hải – Võ Văn Tần,images/restaurant/Cơm Gà Thượng Hải – Võ Văn Tần/cover.jpg,10.77824703895287, 106.6919573520158
Mợ Mê Ốc - Trần Hưng Đạo,images/restaurant/Mợ Mê Ốc - Trần Hưng Đạo/cover.jpg,10.762806711279191, 106.69100636920396
Le Monde Steak - Phan Xích Long,images/restaurant/Le Monde Steak - Phan Xích Long/cover.jpg,10.797943555836241, 106.68901023852177
Đông Dương - Trương Định,images/restaurant/Đông Dương - Trương Định/cover.jpg,10.779144980045919, 106.68884700968634
Gu - Nhậu Đúng Chất - Hoa Lan,images/restaurant/Gu - Nhậu Đúng Chất - Hoa Lan/cover.jpg,10.797121628520713, 106.6917024096866
48 Bistro - Lê Thị Riêng,images/restaurant/48 Bistro - Lê Thị Riêng/cover.jpg,10.771767244403115, 106.69185133852156
Quán Ăn Sân Vườn Hoàng Hiếu - Lâm Văn Bền,images/restaurant/Quán Ăn Sân Vườn Hoàng Hiếu - Lâm Văn Bền/cover.jpg,10.739839851683787, 106.7154766725085
Hương Dừa - Nguyễn Xiển,images/restaurant/Hương Dừa - Nguyễn Xiển/cover.jpg,10.828168272491716, 106.83120428085138
Hồ Lô Gia - Phạm Văn Chí,images/restaurant/Hồ Lô Gia - Phạm Văn Chí/cover.jpg,10.74187154698337, 106.64136313852129
Hầm Rượu Luxury - 429 Bình Trị Đông,images/restaurant/Hầm Rượu Luxury - 429 Bình Trị Đông/cover.jpg,10.774592281725475, 106.60907476920393
Ăn Được Phúc - Phan Xích Long,images/restaurant/Ăn Được Phúc - Phan Xích Long/cover.jpg,10.798523877317221, 106.68799633852177
Nhà hàng Rạng Đông – Cách Mạng Tháng 8,images/restaurant/Nhà hàng Rạng Đông – Cách Mạng Tháng 8/cover.jpg,10.772093640374926, 106.69151829118752
Moon Go - Ẩm Thực Hàn Quốc - Quang Trung,images/restaurant/Moon Go - Ẩm Thực Hàn Quốc - Quang Trung/cover.jpg,10.830732681505868, 106.66997182502791
Chang - Hoàng Hoa Thám,images/restaurant/Chang - Hoàng Hoa Thám/cover.jpg,10.800036748966791, 106.64732825201597
Chang - Lê Văn Sỹ,images/restaurant/Chang - Lê Văn Sỹ/cover.jpg,10.79668062343045, 106.66507570968653
Tám Riêu - Nguyễn Tri Phương,images/restaurant/Tám Riêu - Nguyễn Tri Phương/cover.jpg,10.76644790898351, 106.66763072502742
Hoa Viên Pilsner Original – Phổ Quang,images/restaurant/Hoa Viên Pilsner Original – Phổ Quang/cover.jpg,10.803654932960539, 106.66651621288511
Chay Xanh - Lê Văn Thịnh,images/restaurant/Chay Xanh - Lê Văn Thịnh/cover.jpg,10.786636996240993, 106.76893173852176
Hoàng Yến Cuisine – Ngô Đức Kế,images/restaurant/Hoàng Yến Cuisine – Ngô Đức Kế/cover.jpg,10.774307562851567, 106.70618906920409
Vườn Ẩm Thực Số 7 - Phạm Văn Hai,images/restaurant/Vườn Ẩm Thực Số 7 - Phạm Văn Hai/cover.jpg,10.798401427666496, 106.66521334036895
Bê Vàng – An Dương Vương,images/restaurant/Bê Vàng – An Dương Vương/cover.jpg,10.761021751725036, 106.6830494538627
Vườn Chay Garden - Lê Quang Định,images/restaurant/Vườn Chay Garden - Lê Quang Định/cover.jpg,10.811978388293756, 106.69081388085131
Moo Beef Steak - Ngô Đức Kế,images/restaurant/Moo Beef Steak - Ngô Đức Kế/cover.jpg,10.77338468539549, 106.70570914036877
Lẩu Dê Tài Ký - Ung Văn Khiêm,images/restaurant/Lẩu Dê Tài Ký - Ung Văn Khiêm/cover.jpg,10.80893237460534, 106.71556416920427
Chay Shanti Veggie - Lương Hữu Khánh,images/restaurant/Chay Shanti Veggie - Lương Hữu Khánh/cover.jpg,10.769760946089944, 106.68677095201564
Chamie Steak - Sư Vạn Hạnh,images/restaurant/Chamie Steak - Sư Vạn Hạnh/cover.jpg,10.7733558430672, 106.66905153852156
Ngọc Sương Seafood & Bar - Nguyễn Siêu,images/restaurant/Ngọc Sương Seafood & Bar - Nguyễn Siêu/cover.jpg,10.779268917162304, 106.7055546692041
Hoàng Ty - Trương Quốc Dung,images/restaurant/Hoàng Ty - Trương Quốc Dung/cover.jpg,10.795645124303212, 106.67232833667478
Lạc Thái 1 - Mạc Thị Bưởi,images/restaurant/Lạc Thái 1 - Mạc Thị Bưởi/cover.jpg,10.774759584672175, 106.70415982318035
Biển Việt - Nguyễn Văn Cừ,images/restaurant/Biển Việt - Nguyễn Văn Cừ/cover.jpg,10.760300754039728, 106.683492880851
Eden - Lounge & Bespoke Cocktail - Ngô Đức Kế,images/restaurant/Eden - Lounge & Bespoke Cocktail - Ngô Đức Kế/cover.jpg,10.77265719272117, 106.70433047830754
King BBQ Buffet - Vạn Hạnh Mall,images/restaurant/King BBQ Buffet - Vạn Hạnh Mall/cover.jpg,10.770829565532862, 106.66957303852159
L'eau Restaurant & Café – Kha Vạn Cân,images/restaurant/L'eau Restaurant & Café – Kha Vạn Cân/cover.jpg,10.83624587742593, 106.73007903852216
Quán Canh Ngon - Đội Cung,images/restaurant/Quán Canh Ngon - Đội Cung/cover.jpg,10.764000460199336, 106.64681572502744
Khao Lao - Landmark 81,images/restaurant/Khao Lao - Landmark 81/cover.jpg,10.794951806291401, 106.72185298085122
Quán Anh Ba - Vạn Kiếp,images/restaurant/Quán Anh Ba - Vạn Kiếp/cover.jpg,10.796799750900302, 106.69370449988664
Tràng An Quán - Đường 47,images/restaurant/Tràng An Quán - Đường 47/cover.jpg,10.741980101889615, 106.71235160968602
Bếp Thái Koh Yam - Hồ Tùng Mậu,images/restaurant/Bếp Thái Koh Yam - Hồ Tùng Mậu/cover.jpg,10.772815784483587, 106.70327962318034
Ốc Sữa 2 - Điện Biên Phủ,images/restaurant/Ốc Sữa 2 - Điện Biên Phủ/cover.jpg,10.802014325254515, 106.71213025386305
Quán Chị Dậu - Nguyễn Trọng Tuyển,images/restaurant/Quán Chị Dậu - Nguyễn Trọng Tuyển/cover.jpg,10.798938327308136, 106.66470065201597
BA GÁC - Quang Trung,images/restaurant/BA GÁC - Quang Trung/cover.jpg,10.827308070499582, 106.67948643852206
Sushi Tokyo Town - Dương Đình Hội,images/restaurant/Sushi Tokyo Town - Dương Đình Hội/cover.jpg,10.817914952806309, 106.7759570250279
Bếp Thái Koh Yam - Bà Huyện Thanh Quan,images/restaurant/Bếp Thái Koh Yam - Bà Huyện Thanh Quan/cover.jpg,10.776829404351394, 106.68868576735696
Chang - Võ Văn Ngân,images/restaurant/Chang - Võ Văn Ngân/cover.jpg,10.8497368080412, 106.76991432502814
Sanité - Nhà hàng chay - Trương Quốc Dung,images/restaurant/Sanité - Nhà hàng chay - Trương Quốc Dung/cover.jpg,10.79713984522845, 106.67242762318067
Hoa Viên Karaoke – Phổ Quang,images/restaurant/Hoa Viên Karaoke – Phổ Quang/cover.jpg,10.803654288686824, 106.66653261480381
Cơm Tấm Thuận Kiều - Út Tịch,images/restaurant/Cơm Tấm Thuận Kiều - Út Tịch/cover.jpg,10.79618486189802, 106.65889962502777
Hoàng Ty - Trần Văn Giàu,images/restaurant/Hoàng Ty - Trần Văn Giàu/cover.jpg,10.751993541992226, 106.60736296550965
Lẩu Nướng Mini Candy - Nguyễn Văn Đậu,images/restaurant/Lẩu Nướng Mini Candy - Nguyễn Văn Đậu/cover.jpg,10.814746181739633, 106.69384021721713
XieXìe Hotpot Dimsum - Cộng Hòa,images/restaurant/XieXìe Hotpot Dimsum - Cộng Hòa/cover.jpg,10.802796069905083, 106.64078519619251
V-Senses Dining - Menas Mall Saigon Airport,images/restaurant/V-Senses Dining - Menas Mall Saigon Airport/cover.jpg,10.813163932838103, 106.66569009619245
Matsuri Japanese Restaurant - Nguyễn Huệ,images/restaurant/Matsuri Japanese Restaurant - Nguyễn Huệ/cover.jpg,10.771764927075708, 106.70591338269806
Ngõ 8 - Cù Lao,images/restaurant/Ngõ 8 - Cù Lao/cover.jpg,10.796384823679764, 106.68966339619242
Cơm Niêu Thiên Lý - Tạ Hiện,images/restaurant/Cơm Niêu Thiên Lý - Tạ Hiện/cover.jpg,10.778024799562303, 106.7525558385217
Ốc Bắc - Lý Tự Trọng,images/restaurant/Ốc Bắc - Lý Tự Trọng/cover.jpg,10.77941449186655, 106.70242479789135
Hoàng Yến Buffet Premier - Nguyễn Đình Chiểu,images/restaurant/Hoàng Yến Buffet Premier - Nguyễn Đình Chiểu/cover.jpg,10.780464700139209, 106.69154043852166
Yaki Yaki Yo - Buffet nướng lẩu băng chuyền - Tây Thạnh,images/restaurant/Yaki Yaki Yo - Buffet nướng lẩu băng chuyền - Tây Thạnh/cover.jpg,10.814524678600682, 106.62388962318066
Ốc Chị Em - Hồ Con Rùa,images/restaurant/Ốc Chị Em - Hồ Con Rùa/cover.jpg,10.783363080144703, 106.69598279619225
Omakase K - Nguyễn Siêu,images/restaurant/Omakase K - Nguyễn Siêu/cover.jpg,10.777768198693966, 106.70454226432213
Nhà hàng Chay An & Cafe - Phố Tiểu Nam,images/restaurant/Nhà hàng Chay An & Cafe - Phố Tiểu Nam/cover.jpg,10.71995237182816, 106.73113695201525
Hoàng Yến Buffet – Vạn Hạnh Mall,images/restaurant/Hoàng Yến Buffet – Vạn Hạnh Mall/cover.jpg,10.770237246442047, 106.66921550968623
Big Pig BBQ & Beer - Trường Sơn,images/restaurant/Big Pig BBQ & Beer - Trường Sơn/cover.jpg,10.8102019351298, 106.66498335201602
Sushi World - Hà Huy Tập,images/restaurant/Sushi World - Hà Huy Tập/cover.jpg,10.726876764802217, 106.71020323852122
4K - Quán 437 - Hoàng Văn Thụ,images/restaurant/4K - Quán 437 - Hoàng Văn Thụ/cover.jpg,10.797420089425486, 106.65783633852175
Sushi World -Trần Quang Khải,images/restaurant/Sushi World -Trần Quang Khải/cover.jpg,10.792327462848535, 106.6920623808511
Hotpot Đồng Quê 3 Premium - Quang Trung,images/restaurant/Hotpot Đồng Quê 3 Premium - Quang Trung/cover.jpg,10.836190264609668, 106.66034519619272
Saigon Palm - Lê Thị Hồng Gấm,images/restaurant/Saigon Palm - Lê Thị Hồng Gấm/cover.jpg,10.768909267536813, 106.69786425201562
Nhà hàng Khoái – Lê Quý Đôn,images/restaurant/Nhà hàng Khoái – Lê Quý Đôn/cover.jpg,10.781528338920712, 106.69108292318045
Sơn Thủy - Phạm Ngọc Thạch,images/restaurant/Sơn Thủy - Phạm Ngọc Thạch/cover.jpg,10.784767612149144, 106.69375588269827
Hibiki BBQ - Nguyễn Hữu Cảnh,images/restaurant/Hibiki BBQ - Nguyễn Hữu Cảnh/cover.jpg,10.789910976696579, 106.71232242318062
Phố 79 - 120 Sương Nguyệt Ánh,images/restaurant/Phố 79 - 120 Sương Nguyệt Ánh/cover.jpg,10.771677564879202, 106.68853372687468
Yuhua - Taiwanese Hotpot Paradise - Hoàng Hoa Thám,images/restaurant/Yuhua - Taiwanese Hotpot Paradise - Hoàng Hoa Thám/cover.jpg,10.800538193525778, 106.64720156735714
Dê Cười - Đường số 1,images/restaurant/Dê Cười - Đường số 1/cover.jpg,10.827562354680069, 106.71139756662734
Basta Hiro - Pizza & Pasta - Vincom Đồng Khởi,images/restaurant/Basta Hiro - Pizza & Pasta - Vincom Đồng Khởi/cover.jpg,10.778131685048955, 106.7019559655098
Thai Village Restaurant - Lý Tự Trọng,images/restaurant/Thai Village Restaurant - Lý Tự Trọng/cover.jpg,10.777518085264424, 106.70028218269817
Nhà hàng Cơm Niêu Sài Gòn - Hồ Xuân Hương,images/restaurant/Nhà hàng Cơm Niêu Sài Gòn - Hồ Xuân Hương/cover.jpg,10.777150906926675, 106.6871533066078
Sáu Linh - Nguyễn Thái Sơn,images/restaurant/Sáu Linh - Nguyễn Thái Sơn/cover.jpg,10.825681747337832, 106.6886120403692
Dê tươi PhoDong - Nguyễn Thị Định,images/restaurant/Dê tươi PhoDong - Nguyễn Thị Định/cover.jpg,10.766834348707256, 106.7800217096862
Bò Ú Plus - Lâm Văn Bền,images/restaurant/Bò Ú Plus - Lâm Văn Bền/cover.jpg,10.739842003010782, 106.71586746920379
Anrakutei Premium - Nguyễn Trãi,images/restaurant/Anrakutei Premium - Nguyễn Trãi/cover.jpg,10.76981086631805, 106.69100959619225
Kizuna Sushi - Huỳnh Mẫn Đạt,images/restaurant/Kizuna Sushi - Huỳnh Mẫn Đạt/cover.jpg,10.789883007296712, 106.7087016002798
Kokugyu - The Ascentia Phú Mỹ Hưng,images/restaurant/Kokugyu - The Ascentia Phú Mỹ Hưng/cover.jpg,10.721556454137831, 106.72708522687427
CoCo Grill Saigon - Nam Kỳ Khởi Nghĩa,images/restaurant/CoCo Grill Saigon - Nam Kỳ Khởi Nghĩa/cover.jpg,10.780881428827943, 106.69321417318038
Phố Bia - Đường 9A,images/restaurant/Phố Bia - Đường 9A/cover.jpg,10.73517541619572, 106.68973056735662
Quán Cá Rô Đồng - Phạm Văn Đồng,images/restaurant/Quán Cá Rô Đồng - Phạm Văn Đồng/cover.jpg,10.82101750289702, 106.69608422318078
Kobe Bistro By Chef David Thai - Tôn Đức Thắng,images/restaurant/Kobe Bistro By Chef David Thai - Tôn Đức Thắng/cover.jpg,10.78282063510406, 106.7055896980394
Myung Ryun Jinsa Galbi - Thủ Đức,images/restaurant/Myung Ryun Jinsa Galbi - Thủ Đức/cover.jpg,10.799641132752887, 106.73660686705027
Niêu Ta Lounge & Restaurant - Hoàng Văn Thụ,images/restaurant/Niêu Ta Lounge & Restaurant - Hoàng Văn Thụ/cover.jpg,10.799815281974363, 106.67360391153363
Mo Mo Paradise - Nguyễn Thị Minh Khai,images/restaurant/Mo Mo Paradise - Nguyễn Thị Minh Khai/cover.jpg,10.780561442133902, 106.69538529619231
Ẩm thực Lambo 585 - Lê Văn Lương,images/restaurant/Ẩm thực Lambo 585 - Lê Văn Lương/cover.jpg,10.732888373887652, 106.7015157286884
Hải Sản Hưng Phát - Tô Ký,images/restaurant/Hải Sản Hưng Phát - Tô Ký/cover.jpg,10.877859713579763, 106.61061564467862
Chảo Cá - Vincom Thảo Điền,images/restaurant/Chảo Cá - Vincom Thảo Điền/cover.jpg,10.802373153966922, 106.74100658269836
King BBQ - Vincom Lê Thánh Tôn,images/restaurant/King BBQ - Vincom Lê Thánh Tôn/cover.jpg,10.77765066646223, 106.70160999619219
Ẩm Thực 915 - Âu Cơ,images/restaurant/Ẩm Thực 915 - Âu Cơ/cover.jpg,10.798726477117988, 106.6373727520159
Rakuen Hotpot - Lê Văn Sỹ,images/restaurant/Rakuen Hotpot - Lê Văn Sỹ/cover.jpg,10.790146650630025, 106.6738648366746
Tiệm Lẩu 8 Cá - Linh Đông,images/restaurant/Tiệm Lẩu 8 Cá - Linh Đông/cover.jpg,10.844917022099018, 106.7456740826987
Barrigón - Trần Hưng Đạo,images/restaurant/Barrigón - Trần Hưng Đạo/cover.jpg,10.767036908612162, 106.69459905016855
Cơm Niêu Thiên Lý - Mỹ Văn,images/restaurant/Cơm Niêu Thiên Lý - Mỹ Văn/cover.jpg,10.722878170844222, 106.72710759580234
Hoàng Ty - Nguyễn Hữu Cầu,images/restaurant/Hoàng Ty - Nguyễn Hữu Cầu/cover.jpg,10.791698680338927, 106.69165214358594
Thai Market - Cao Thắng,images/restaurant/Thai Market - Cao Thắng/cover.jpg,10.772397115930026, 106.67915183045054
Ốc Bắc - Nguyễn Thượng Hiền,images/restaurant/Ốc Bắc - Nguyễn Thượng Hiền/cover.jpg,10.777013814551198, 106.68198222493503
Gyu Shige Ngưu Phồn - Đông Du,images/restaurant/Gyu Shige Ngưu Phồn - Đông Du/cover.jpg,10.776524845988016, 106.70472933852156
Chay Phúc Tâm - Tân Vĩnh,images/restaurant/Chay Phúc Tâm - Tân Vĩnh/cover.jpg,10.759411293873615, 106.69991276550971
KHAP KHAP Thai Bistro - CN Võ Văn Tần,images/restaurant/KHAP KHAP Thai Bistro - CN Võ Văn Tần/cover.jpg,10.778613655113837, 106.69071785201558
King BBQ Buffet – Vincom Thủ Đức,images/restaurant/King BBQ Buffet – Vincom Thủ Đức/cover.jpg,10.850631622199344, 106.76516050783981
Cow Express - Cao Thắng,images/restaurant/Cow Express - Cao Thắng/cover.jpg,10.76971160896767, 106.68233212502744
Hoa Viên Sơn Thủy – Long Thạnh Mỹ,images/restaurant/Hoa Viên Sơn Thủy – Long Thạnh Mỹ/cover.jpg,10.967972139909879, 106.61510179715275
Eddie's - New York Deli and Diner - Thảo Điền,images/restaurant/Eddie's - New York Deli and Diner - Thảo Điền/cover.jpg,10.806625483601904, 106.73502955571024
Kobe Teppanyaki - Lý Tự Trọng,images/restaurant/Kobe Teppanyaki - Lý Tự Trọng/cover.jpg,10.782789016899434, 106.7055682403688
Chamie Steak - Phạm Ngọc Thạch,images/restaurant/Chamie Steak - Phạm Ngọc Thạch/cover.jpg,10.786458235634324, 106.69247838269831
Quán Bún Mắm - Lẩu Mắm Dì Sáu - Tôn Thất Tùng,images/restaurant/Quán Bún Mắm - Lẩu Mắm Dì Sáu - Tôn Thất Tùng/cover.jpg,10.770463845499053, 106.6874646673569
Hoàng Ty – Hoa Mai,images/restaurant/Hoàng Ty – Hoa Mai/cover.jpg,10.797726172578276, 106.68687725201588
Ngọc Sương Sài Gòn - Hoàng Việt,images/restaurant/Ngọc Sương Sài Gòn - Hoàng Việt/cover.jpg,10.797266000744816, 106.6592346403689
Downtown Steakhouse - Nguyễn Huệ,images/restaurant/Downtown Steakhouse - Nguyễn Huệ/cover.jpg,10.774288904037403, 106.70411375386279
Chill Thái - Cô Giang,images/restaurant/Chill Thái - Cô Giang/cover.jpg,10.762281711610095, 106.69391345201565
Isshin Izakaya - Vinhomes Central Park,images/restaurant/Isshin Izakaya - Vinhomes Central Park/cover.jpg,10.793391009086019, 106.72259775386298
Lẩu Gà Ớt Hiểm 109 - Lê Văn Duyệt,images/restaurant/Lẩu Gà Ớt Hiểm 109 - Lê Văn Duyệt/cover.jpg,10.79484849105151, 106.69572639619238
Cơm Niêu Thiên Lý - Trung Sơn,images/restaurant/Cơm Niêu Thiên Lý - Trung Sơn/cover.jpg,10.735365733892177, 106.68933619619189
Chef Thiện – French Bistro - Pasteur,images/restaurant/Chef Thiện – French Bistro - Pasteur/cover.jpg,10.777451724880613, 106.70004619803943
Chang - Cảnh Viên,images/restaurant/Chang - Cảnh Viên/cover.jpg,10.72271528746687, 106.72870373852115
Cafe Saigon – Eastin Grand Hotel Saigon,images/restaurant/Cafe Saigon – Eastin Grand Hotel Saigon/cover.jpg,10.796643328839926, 106.67360088269824
Bia Hơi Quận 7 - Kiên Béo - Đường Số 9,images/restaurant/Bia Hơi Quận 7 - Kiên Béo - Đường Số 9/cover.jpg,10.747055346481092, 106.70887788269798
Tân Hải Vân – Phan Văn Trị,images/restaurant/Tân Hải Vân – Phan Văn Trị/cover.jpg,10.829745627305874, 106.6930491103139
Aka House - Sense City Phạm Văn Đồng (Gigamall),images/restaurant/Aka House - Sense City Phạm Văn Đồng (Gigamall)/cover.jpg,10.827906656646917, 106.72176698269857
Station Sport Bar - Bùi Viện,images/restaurant/Station Sport Bar - Bùi Viện/cover.jpg,10.766677428632587, 106.69199872502755
Cơm Niêu Thiên Lý - Thống Nhất,images/restaurant/Cơm Niêu Thiên Lý - Thống Nhất/cover.jpg,10.842412877788101, 106.76817945078079
Anrakutei Japanese BBQ - Mạc Đĩnh Chi,images/restaurant/Anrakutei Japanese BBQ - Mạc Đĩnh Chi/cover.jpg,10.78717932794172, 106.6967613223582
Lẩu Hongkong Hotpot - Tân Sơn Nhất,images/restaurant/Lẩu Hongkong Hotpot - Tân Sơn Nhất/cover.jpg,10.810139424971204, 106.66510760632394
Cơm Niêu Thiên Lý - Thuận Kiều,images/restaurant/Cơm Niêu Thiên Lý - Thuận Kiều/cover.jpg,10.758116493420463, 106.65815370968613
Bắc Kim Thang Premium - SaiGon Marina IFC Tower,images/restaurant/Bắc Kim Thang Premium - SaiGon Marina IFC Tower/cover.jpg,10.782284280712616, 106.70770635386283
Chang - Giga Mall Phạm Văn Đồng,images/restaurant/Chang - Giga Mall Phạm Văn Đồng/cover.jpg,10.827730316357655, 106.72171565542219
Cow Express - Phan Xích Long,images/restaurant/Cow Express - Phan Xích Long/cover.jpg,10.800055404170656, 106.68537912687484
Sông Giồng - Thân Văn Nhiếp,images/restaurant/Sông Giồng - Thân Văn Nhiếp/cover.jpg,10.789169151130697, 106.75320195887457
Du Yên Vegetarian - Đường số 10,images/restaurant/Du Yên Vegetarian - Đường số 10/cover.jpg,10.80440796471264, 106.74432667755981
Saigon Xiao Mei - Trần Hưng Đạo,images/restaurant/Saigon Xiao Mei - Trần Hưng Đạo/cover.jpg,10.753431397247791, 106.67317039918302
Gyu Shige Ngưu Phồn - Phan Văn Trị,images/restaurant/Gyu Shige Ngưu Phồn - Phan Văn Trị/cover.jpg,10.823068049178534, 106.69279682502798
Chang - Phan Xích Long,images/restaurant/Chang - Phan Xích Long/cover.jpg,10.801459980603298, 106.68327022216141
Chảo Cá - Vạn Hạnh Mall,images/restaurant/Chảo Cá - Vạn Hạnh Mall/cover.jpg,10.770777206210981, 106.66943467983252
Spice Viet Saigon - 157 Pasteur,images/restaurant/Spice Viet Saigon - 157 Pasteur/cover.jpg,10.785084593825747, 106.69067596633982
Cơm Niêu Thiên Lý - Lạc Long Quân,images/restaurant/Cơm Niêu Thiên Lý - Lạc Long Quân/cover.jpg,10.770122866771649, 106.6449585816825
Buffet Gánh Palace - Khách sạn Palace Saigon,images/restaurant/Buffet Gánh Palace - Khách sạn Palace Saigon/cover.jpg,10.774707981582102, 106.70366616633973
Nossa Steakhouse - Phạm Hồng Thái,images/restaurant/Nossa Steakhouse - Phạm Hồng Thái/cover.jpg,10.771631784276748, 106.69571657983253
Cơm Niêu Thiên Lý - Cộng Hòa,images/restaurant/Cơm Niêu Thiên Lý - Cộng Hòa/cover.jpg,10.802429663655648, 106.64181003750433
Cơm Tấm Thuận Kiều - Yersin,images/restaurant/Cơm Tấm Thuận Kiều - Yersin/cover.jpg,10.76773454838994, 106.69734207983238
Buffet Gánh Quê Hương – Phạm Ngũ Lão,images/restaurant/Buffet Gánh Quê Hương – Phạm Ngũ Lão/cover.jpg,10.768219828825067, 106.69232142401106
Ốc Ghe - Mạc Đĩnh Chi,images/restaurant/Ốc Ghe - Mạc Đĩnh Chi/cover.jpg,10.786951224872057, 106.69742662216129
Galbi House – Phan Xích Long,images/restaurant/Galbi House – Phan Xích Long/cover.jpg,10.798962488407916, 106.6866815086686
Quán Chay The Rice - Tân Thới Nhất,images/restaurant/Quán Chay The Rice - Tân Thới Nhất/cover.jpg,10.821779183764907, 106.62230502401172
Phú Nhuận - Mường Thanh Luxury Sài Gòn,images/restaurant/Phú Nhuận - Mường Thanh Luxury Sài Gòn/cover.jpg,10.79760371154507, 106.67205028168283
Cơm Tấm Thuận Kiều - Thuận Kiều,images/restaurant/Cơm Tấm Thuận Kiều - Thuận Kiều/cover.jpg,10.759566940946334, 106.65898044992585
La Table De Saigon – Phạm Ngũ Lão,images/restaurant/La Table De Saigon – Phạm Ngũ Lão/cover.jpg,10.768569566777435, 106.69391680866813
Trống Cơm - Vincom Thảo Điền,images/restaurant/Trống Cơm - Vincom Thảo Điền/cover.jpg,10.802416484832955, 106.74097159966442
Propeller Rooftop & Bar - Bay Hotel,images/restaurant/Propeller Rooftop & Bar - Bay Hotel/cover.jpg,10.780935602436037, 106.70699651051842
Quán Nướng Yaki – Chế Lan Viên,images/restaurant/Quán Nướng Yaki – Chế Lan Viên/cover.jpg,10.812862126199228, 106.63175646634014
Cơm Niêu Thiên Lý - Cửu Long,images/restaurant/Cơm Niêu Thiên Lý - Cửu Long/cover.jpg,10.783716223566586, 106.6612396915681
Asanoha - Modern Japanese Hotpot - Saigon Centre,images/restaurant/Asanoha - Modern Japanese Hotpot - Saigon Centre/cover.jpg,10.77338060456847, 106.70091046633961
Black Vinegar - Khách sạn New World Saigon - Lê Lai,images/restaurant/Black Vinegar - Khách sạn New World Saigon - Lê Lai/cover.jpg,10.771157866155024, 106.69511902401113
Lux 68 Restaurant - Nguyễn Đình Chiểu,images/restaurant/Lux 68 Restaurant - Nguyễn Đình Chiểu/cover.jpg,10.775527523888321, 106.68751087983249
Thai Market - Phan Xích Long,images/restaurant/Thai Market - Phan Xích Long/cover.jpg,10.79899291070808, 106.68647729332568
Ikigai Sushi - Nguyễn Trọng Tuyển,images/restaurant/Ikigai Sushi - Nguyễn Trọng Tuyển/cover.jpg,10.798077411222803, 106.67333580866848
Anrakutei - Parc Mall,images/restaurant/Anrakutei - Parc Mall/cover.jpg,10.740711011320402, 106.6787776105179
Miiro Japanese Bistro - Nguyễn Thị Minh Khai,images/restaurant/Miiro Japanese Bistro - Nguyễn Thị Minh Khai/cover.jpg,110.786202661007286, 106.69902428799766
Barrio Wine & Dine - Mê Linh,images/restaurant/Barrio Wine & Dine - Mê Linh/cover.jpg,10.789282394527467, 106.7095061086684
Bonjour Resto’ - Nguyễn Huy Tưởng,images/restaurant/Bonjour Resto’ - Nguyễn Huy Tưởng/cover.jpg,10.804323298498959, 106.68967258168297
Sushi Tokyo Town - Đường số 3,images/restaurant/Sushi Tokyo Town - Đường số 3/cover.jpg,10.82913571594477, 106.73022570866885
Yakimono - Aeon Mall Bình Tân,images/restaurant/Yakimono - Aeon Mall Bình Tân/cover.jpg,10.742938823749867, 106.611491093325
Tiệm Thân Nướng - Liên Phường,images/restaurant/Tiệm Thân Nướng - Liên Phường/cover.jpg,10.807304744581021, 106.78381572401153
Nhà hàng Sandaime Kamura - Thái Văn Lung,images/restaurant/Nhà hàng Sandaime Kamura - Thái Văn Lung/cover.jpg,10.779845500488067, 106.70519829702552
Cơm Niêu Thiên Lý - Nguyễn Thị Thập,images/restaurant/Cơm Niêu Thiên Lý - Nguyễn Thị Thập/cover.jpg,10.744080095426087, 106.69721482907069
Basta Hiro - Pizza & Pasta - Estella Place,images/restaurant/Basta Hiro - Pizza & Pasta - Estella Place/cover.jpg,10.802163625112636, 106.74813170866855
Le Monde Steak - Aeon Mall Bình Tân,images/restaurant/Le Monde Steak - Aeon Mall Bình Tân/cover.jpg,10.742799942223847, 106.611829993325
Chang - Nguyễn Đức Cảnh,images/restaurant/Chang - Nguyễn Đức Cảnh/cover.jpg,10.730904169808296, 106.70844973790872
Tasaki BBQ - Aeon Mall Bình Tân,images/restaurant/Tasaki BBQ - Aeon Mall Bình Tân/cover.jpg,10.74301320930953, 106.61189870866787
Blue Bay - Buffet Hải Sản - Aeon Mall Bình Tân,images/restaurant/Blue Bay - Buffet Hải Sản - Aeon Mall Bình Tân/cover.jpg,10.742974982926352, 106.61195255284653
Unatoto - Nguyễn Thị Thập,images/restaurant/Unatoto - Nguyễn Thị Thập/cover.jpg,10.738134990654283, 106.72526547798202
King BBQ Buffet – Crescent Mall,images/restaurant/King BBQ Buffet – Crescent Mall/cover.jpg,10.72850010891305, 106.71823591051776
Cơm Niêu Thiên Lý - Hoàng Hoa Thám,images/restaurant/Cơm Niêu Thiên Lý - Hoàng Hoa Thám/cover.jpg,10.802426163658051, 106.64184162401143
Lẩu Dê 404 - Dương Đức Hiền,images/restaurant/Lẩu Dê 404 - Dương Đức Hiền/cover.jpg,10.809575350986053, 106.62693040866873
Hồ Câu Tôm - Ẩm Thực Hương Quê - Đường số 24,images/restaurant/Hồ Câu Tôm - Ẩm Thực Hương Quê - Đường số 24/cover.jpg,10.742846664613502, 106.62935140866789
Downtown Steakhouse - Nguyễn Thị Minh Khai,images/restaurant/Downtown Steakhouse - Nguyễn Thị Minh Khai/cover.jpg,10.785095836500574, 106.70048352586126
Heal & Celeb Vegan - Nguyễn Văn Nguyễn,images/restaurant/Heal & Celeb Vegan - Nguyễn Văn Nguyễn/cover.jpg,10.793586735688784, 106.68682860866848
Unatoto - Trương Định,images/restaurant/Unatoto - Trương Định/cover.jpg,10.772768524235252, 106.69583346818969
Chay Garden Vegetarian Buffet & Tea House - Thảo Điền,images/restaurant/Chay Garden Vegetarian Buffet & Tea House - Thảo Điền/cover.jpg,10.803175401826305, 106.73118367983287
Basta Hiro – Pizza & Pasta – Saigon Centre,images/restaurant/Basta Hiro – Pizza & Pasta – Saigon Centre/cover.jpg,10.773183934529388, 106.70099660344597
Chiyoda Sushi - Saigon Court,images/restaurant/Chiyoda Sushi - Saigon Court/cover.jpg,10.776241842401063, 106.68812562216121
Lẩu Gà Ớt Hiểm 109 - Nguyễn Thiện Thuật,images/restaurant/Lẩu Gà Ớt Hiểm 109 - Nguyễn Thiện Thuật/cover.jpg,10.767461908867384, 106.68028706633957
Trống Cơm - Crescent Mall,images/restaurant/Trống Cơm - Crescent Mall/cover.jpg,10.729294414886937, 106.71883017983207
Ốc Q - Trần Não,images/restaurant/Ốc Q - Trần Não/cover.jpg,10.788899055575245, 106.72951732216127
Buffet Sao Bắc Đẩu - Tân Sơn Nhất Hotel,images/restaurant/Buffet Sao Bắc Đẩu - Tân Sơn Nhất Hotel/cover.jpg,10.800960264688312, 106.6689017951757
Sushi World - Tân Sơn Nhất,images/restaurant/Sushi World - Tân Sơn Nhất/cover.jpg,10.80032039247478, 106.67062061998953
P'ti Saigon - Ngô Quang Huy,images/restaurant/P'ti Saigon - Ngô Quang Huy/cover.jpg,10.804735837018292, 106.73578007983284
Giao Khẩu Quán - Thạnh Lộc,images/restaurant/Giao Khẩu Quán - Thạnh Lộc/cover.jpg,10.873315460106383, 106.69255349517653
Eddie's - New York Deli and Diner - Pasteur,images/restaurant/Eddie's - New York Deli and Diner - Pasteur/cover.jpg,10.780055684090804, 106.70728362211409
Appeal Gastro Bar - Quốc Hương,images/restaurant/Appeal Gastro Bar - Quốc Hương/cover.jpg,10.803606108113568, 106.73182166634008
NORI Modern Izakaya - Lý Tự Trọng,images/restaurant/NORI Modern Izakaya - Lý Tự Trọng/cover.jpg,10.774259681974815, 106.69692302401114
High Tide - Nguyễn Văn Hưởng,images/restaurant/High Tide - Nguyễn Văn Hưởng/cover.jpg,10.814637699714655, 106.7265718798329
Yakimono - Lê Quý Đôn,images/restaurant/Yakimono - Lê Quý Đôn/cover.jpg,10.78133926008554, 106.6912211375041
Lẩu Dê 404 – Trung Sơn,images/restaurant/Lẩu Dê 404 – Trung Sơn/cover.jpg,10.735795810346616, 106.68929383750358
Sài Gòn Xưa Và Nay – Nguyễn Trung Trực,images/restaurant/Sài Gòn Xưa Và Nay – Nguyễn Trung Trực/cover.jpg,10.775676477356138, 106.69739553935408
Cơm Niêu Làng Tre - Phan Văn Trị,images/restaurant/Cơm Niêu Làng Tre - Phan Văn Trị/cover.jpg,10.829533582350757, 106.68179062401177
Hội Ngộ 420 - Trường Sa,images/restaurant/Hội Ngộ 420 - Trường Sa/cover.jpg,10.797531589312811, 106.68567565284708
Quán Lúa - Đường 182,images/restaurant/Quán Lúa - Đường 182/cover.jpg,10.835813040156433, 106.79219482401191
Quán Lão Trư - Phạm Ngọc Thạch,images/restaurant/Quán Lão Trư - Phạm Ngọc Thạch/cover.jpg,10.786747513940872, 106.69197537983273
Lá Phong Sushi House – Trần Cao Vân,images/restaurant/Lá Phong Sushi House – Trần Cao Vân/cover.jpg,10.784975257916667, 106.69819422401119
Funny Beef - Lê Đức Thọ,images/restaurant/Funny Beef - Lê Đức Thọ/cover.jpg,10.835058853411738, 106.68172004120476
Reski Hotpot - Tên Lửa,images/restaurant/Reski Hotpot - Tên Lửa/cover.jpg,10.7484819014793, 106.61192893565368
Cloud Nine Sai Gon Restaurant - Lý Tự Trọng,images/restaurant/Cloud Nine Sai Gon Restaurant - Lý Tự Trọng/cover.jpg,10.77344170321485, 106.69569975284685
Chamie Steak -Trần Quang Diệu,images/restaurant/Chamie Steak -Trần Quang Diệu/cover.jpg,10.790531193738301, 106.67990198750411
Bò 5S - Đinh Tiên Hoàng,images/restaurant/Bò 5S - Đinh Tiên Hoàng/cover.jpg,10.788058699184829, 106.70036272216127
Le Monde Steak - Aeon Mall Tân Phú,images/restaurant/Le Monde Steak - Aeon Mall Tân Phú/cover.jpg,10.801867409091535, 106.61750423750424
Hoshi Sushi - Bàu Cát,images/restaurant/Hoshi Sushi - Bàu Cát/cover.jpg,10.793507887026767, 106.64084832401133
Vị Quê Kitchen - Sương Nguyệt Ánh,images/restaurant/Vị Quê Kitchen - Sương Nguyệt Ánh/cover.jpg,10.771841004504932, 106.68851727983247
Kokugyu - Trần Quang Khải,images/restaurant/Kokugyu - Trần Quang Khải/cover.jpg,10.792404670698419, 106.69206869517562
Saiko Sushi - Hai Bà Trưng,images/restaurant/Saiko Sushi - Hai Bà Trưng/cover.jpg,10.78339847396531, 106.69810272401129
Mộc – Riêu & Nướng – Lam Sơn,images/restaurant/Mộc – Riêu & Nướng – Lam Sơn/cover.jpg,10.808194652199477, 106.66634300866866
Chang - Lê Đại Hành,images/restaurant/Chang - Lê Đại Hành/cover.jpg,10.766663868972564, 106.653818324011
Eddie's - New York Deli and Diner - Phạm Thái Bường,images/restaurant/Eddie's - New York Deli and Diner - Phạm Thái Bường/cover.jpg,10.72762383880491, 106.70850656385863
Quán Bánh Canh Ghẹ Muối Ớt Xanh - Nguyễn Tri Phương,images/restaurant/Quán Bánh Canh Ghẹ Muối Ớt Xanh - Nguyễn Tri Phương/cover.jpg,10.767329428237112, 106.66738588168255
Tasaki BBQ - Vạn Hạnh Mall,images/restaurant/Tasaki BBQ - Vạn Hạnh Mall/cover.jpg,10.770693427447156, 106.66971145284687
Nhà hàng Chay Phạm Nghiêm Trai Bongensai - Nguyễn Trãi,images/restaurant/Nhà hàng Chay Phạm Nghiêm Trai Bongensai - Nguyễn Trãi/cover.jpg,10.766215935595921, 106.6881580156608
Ẩm thực Hải sản RIVIA – Nguyễn Cư Trinh,images/restaurant/Ẩm thực Hải sản RIVIA – Nguyễn Cư Trinh/cover.jpg,10.765198669830056, 106.69192506448954
Happy Lamb Hotpot Restaurant - Trần Hưng Đạo,images/restaurant/Happy Lamb Hotpot Restaurant - Trần Hưng Đạo/cover.jpg,10.762003571607417, 106.69035818353247
Shang Garden - Nguyễn Khắc Viện,images/restaurant/Shang Garden - Nguyễn Khắc Viện/cover.jpg,10.729420697348527, 106.72013023750338
Tám Riêu – Phan Xích Long,images/restaurant/Tám Riêu – Phan Xích Long/cover.jpg,10.79921819408699, 106.68610570866842
Nhà Hàng Sâm Ngọc Linh - Phố đi bộ Nguyễn Huệ,images/restaurant/Nhà Hàng Sâm Ngọc Linh - Phố đi bộ Nguyễn Huệ/cover.jpg,10.77467318886178, 106.70374492455353
Gyu-Kaku - Lê Thánh Tôn,images/restaurant/Gyu-Kaku - Lê Thánh Tôn/cover.jpg,10.780712647236042, 106.70484507983258
Quán Út Cà Mau - Điện Biên Phủ,images/restaurant/Quán Út Cà Mau - Điện Biên Phủ/cover.jpg,10.784550618823468, 106.69191735284696
Bonjour Resto' - Nguyễn Trãi,images/restaurant/Bonjour Resto' - Nguyễn Trãi/cover.jpg,10.770317427592229, 106.68977765099672
Funny Beef - Nguyễn Sơn,images/restaurant/Funny Beef - Nguyễn Sơn/cover.jpg,10.781735080959601, 106.63177480866831
Moo Beef Steak - Lý Tự Trọng,images/restaurant/Moo Beef Steak - Lý Tự Trọng/cover.jpg,10.77428176576655, 106.69751805099679
"Đại Phú - Nguyễn Văn Quá, Q12","images/restaurant/Đại Phú - Nguyễn Văn Quá, Q12/cover.jpg",10.82911240709582, 106.62700863750462
Reski Hotpot - Lê Trọng Tấn,images/restaurant/Reski Hotpot - Lê Trọng Tấn/cover.jpg,10.80898774357477, 106.61616146634003
Shang Garden - Tôn Thất Tùng,images/restaurant/Shang Garden - Tôn Thất Tùng/cover.jpg,10.769450007673997, 106.68889526633966
Ghiền Quán - Nguyễn Thiện Thuật,images/restaurant/Ghiền Quán - Nguyễn Thiện Thuật/cover.jpg,10.770379566618782, 106.67733395284674
Hoàng Ty - Trần Não,images/restaurant/Hoàng Ty - Trần Não/cover.jpg,10.795073746782457, 106.73125933935427
Tá Lả Quán - Phạm Văn Đồng,images/restaurant/Tá Lả Quán - Phạm Văn Đồng/cover.jpg,10.820863860326293, 106.69329879517596
Sosaku Sushi Dan - Bùi Viện,images/restaurant/Sosaku Sushi Dan - Bùi Viện/cover.jpg,10.765619589484015, 106.69025543750378
Thai Market - Sư Vạn Hạnh,images/restaurant/Thai Market - Sư Vạn Hạnh/cover.jpg,10.773633719468712, 106.66848742128576
Saigon 2 - Trần Hưng Đạo,images/restaurant/Saigon 2 - Trần Hưng Đạo/cover.jpg,10.754840020840973, 106.67966265281308
RIKYU Restaurant - Lê Thánh Tôn,images/restaurant/RIKYU Restaurant - Lê Thánh Tôn/cover.jpg,10.781373296819707, 106.70527837798254
Somtam ZAAP - Pasteur,images/restaurant/Somtam ZAAP - Pasteur/cover.jpg,10.775205163743008, 106.70089026633974
Sushi House – Trương Quốc Dung,images/restaurant/Sushi House – Trương Quốc Dung/cover.jpg,10.79671710659106, 106.67271849517563
Funny Beef - Nguyễn Văn Luông,images/restaurant/Funny Beef - Nguyễn Văn Luông/cover.jpg,10.743419686592027, 106.6345574375036
Sushi World - Củ Chi,images/restaurant/Sushi World - Củ Chi/cover.jpg,10.969690278005071, 106.48388266819202
Cơm Tấm Thuận Kiều - Nguyễn Huy Lượng,images/restaurant/Cơm Tấm Thuận Kiều - Nguyễn Huy Lượng/cover.jpg,10.805681845551161, 106.6960025086686
Dìn Ký Cù Lao Xanh - Trần Văn Trà Quận 7,images/restaurant/Dìn Ký Cù Lao Xanh - Trần Văn Trà Quận 7/cover.jpg,10.720337180485542, 106.71627988195314
Mabu-KKO Chi - KĐT Phú Mỹ Hưng,images/restaurant/Mabu-KKO Chi - KĐT Phú Mỹ Hưng/cover.jpg,10.72408010144848, 106.72842865284636
Thế Giới Bò - Vĩnh Khánh,images/restaurant/Thế Giới Bò - Vĩnh Khánh/cover.jpg,10.76417251007895, 106.70121402216095
Quán Tới Bến - Bến Vân Đồn,images/restaurant/Quán Tới Bến - Bến Vân Đồn/cover.jpg,10.762079952503134, 106.6979322663396
Chic Restaurant - Bay Hotel,images/restaurant/Chic Restaurant - Bay Hotel/cover.jpg,10.781263760130596, 106.70619785284694
Cozy Eatery & Bar - Nguyễn Thị Minh Khai,images/restaurant/Cozy Eatery & Bar - Nguyễn Thị Minh Khai/cover.jpg,10.772685025482996, 106.68702526633975
Ẩm Thực Chay Tuệ - Mai Thị Lựu,images/restaurant/Ẩm Thực Chay Tuệ - Mai Thị Lựu/cover.jpg,10.79217523177921, 106.69836170866841
Chang - Bình Tân,images/restaurant/Chang - Bình Tân/cover.jpg,10.751617815795369, 106.61174573935381
Hoa Viên Craft Brewery - Nguyễn Thị Minh Khai,images/restaurant/Hoa Viên Craft Brewery - Nguyễn Thị Minh Khai/cover.jpg,10.786116792992955, 106.6992285240113
King BBQ Buffet – SC Vivo City,images/restaurant/King BBQ Buffet – SC Vivo City/cover.jpg,10.730057973101763, 106.70322122216061
Quán Lẩu Bò Sài Gòn D2 - Nguyễn Gia Trí,images/restaurant/Quán Lẩu Bò Sài Gòn D2 - Nguyễn Gia Trí/cover.jpg,10.809037135988648, 106.71720712216155
Chang – Cao Thắng,images/restaurant/Chang – Cao Thắng/cover.jpg,10.768976066919393, 106.68375043750389
Soi Thai - Nguyễn Tri Phương,images/restaurant/Soi Thai - Nguyễn Tri Phương/cover.jpg,10.761059011497228, 106.66879830866813
The Chill - Trần Hưng Đạo,images/restaurant/The Chill - Trần Hưng Đạo/cover.jpg,10.766775028797277, 106.69376005099666
Lẩu Gà Ớt Hiểm 109 - Hoàng Diệu 2,images/restaurant/Lẩu Gà Ớt Hiểm 109 - Hoàng Diệu 2/cover.jpg,10.854970547487255, 106.76782738339934
Cơm Niêu Thiên Lý - Cityland,images/restaurant/Cơm Niêu Thiên Lý - Cityland/cover.jpg,10.834267516450279, 106.67058489517602
Reski Hotpot - Parc Mall,images/restaurant/Reski Hotpot - Parc Mall/cover.jpg,10.740730996447748, 106.67859866662276
Cháo Sườn Chú Chen - Nguyễn Trãi,images/restaurant/Cháo Sườn Chú Chen - Nguyễn Trãi/cover.jpg,10.763063190779713, 106.68689537983241
Chay Araham - Cao Thắng,images/restaurant/Chay Araham - Cao Thắng/cover.jpg,10.775357720684624, 106.67454246633973
Aka House – Vạn Hạnh Mall,images/restaurant/Aka House – Vạn Hạnh Mall/cover.jpg,10.7707355867466, 106.66968999517543
Nhà hàng Tàu Bến Nghé - Nguyễn Tất Thành,images/restaurant/Nhà hàng Tàu Bến Nghé - Nguyễn Tất Thành/cover.jpg,10.767164988401436, 106.70824939517533
Nhà hàng Chay Phạm Nghiêm Trai Bongensai - Nguyễn Đăng Giai,images/restaurant/Nhà hàng Chay Phạm Nghiêm Trai Bongensai - Nguyễn Đăng Giai/cover.jpg,10.802612457103761, 106.73717042401148
Nhà hàng Steakhouse The Fan - Khu Biệt Thự Kim Long,images/restaurant/Nhà hàng Steakhouse The Fan - Khu Biệt Thự Kim Long/cover.jpg,10.721773270896641, 106.70220556818926
Nhà hàng OLiu Đỏ - Hoàng Diệu,images/restaurant/Nhà hàng OLiu Đỏ - Hoàng Diệu/cover.jpg,10.764013230345471, 106.70404936818962
Nhà hàng Cow Express – Bít tết bò Mỹ – Sư Vạn Hạnh,images/restaurant/Nhà hàng Cow Express – Bít tết bò Mỹ – Sư Vạn Hạnh/cover.jpg,10.773463882671958, 106.66867137983246
Ẩm Thực Quê Nhà - Thành Thái,images/restaurant/Ẩm Thực Quê Nhà - Thành Thái/cover.jpg,10.769356667228175, 106.66624643750386
Quán Nướng Yaki - Tân Sơn Nhì,images/restaurant/Quán Nướng Yaki - Tân Sơn Nhì/cover.jpg,10.794025457446855, 106.62894521051854
Somtam Zaap - Nguyễn Thị Minh Khai,images/restaurant/Somtam Zaap - Nguyễn Thị Minh Khai/cover.jpg,10.78304527726784, 106.69783433935412
Buffet Lẩu Nướng Macao - Hàn Quốc - Trần Hưng Đạo B,images/restaurant/Buffet Lẩu Nướng Macao - Hàn Quốc - Trần Hưng Đạo B/cover.jpg,10.751894921554474, 106.65876552459822
Kingscross - Global City,images/restaurant/Kingscross - Global City/cover.jpg,10.80046563230414, 106.77907246819017
Thai Market - Giga Mall,images/restaurant/Thai Market - Giga Mall/cover.jpg,10.827789970151679, 106.72112736449034
Livannah - Sips & Bites - Nguyễn Ư Dĩ,images/restaurant/Livannah - Sips & Bites - Nguyễn Ư Dĩ/cover.jpg,10.805924745405944, 106.74218940866854
MATSURI - Japanese Restaurant - Vincom Mega Mall Thảo Điền,images/restaurant/MATSURI - Japanese Restaurant - Vincom Mega Mall Thảo Điền/cover.jpg,10.802569708696506, 106.74058745284708
Chill Thái - Quận 7,images/restaurant/Chill Thái - Quận 7/cover.jpg,10.7293829801812, 106.72555346765279
Kobe Teppanyaki - Tú Xương,images/restaurant/Kobe Teppanyaki - Tú Xương/cover.jpg,10.783640455610293, 106.68936480866837
O2 Seafood - Song Hành,images/restaurant/O2 Seafood - Song Hành/cover.jpg,10.801529780546915, 106.74565330866852
Le Monde Steak - Cao Thắng,images/restaurant/Le Monde Steak - Cao Thắng/cover.jpg,10.770603469001461, 106.6817523298325
Hoàng Yến Cuisine - Hai Bà Trưng,images/restaurant/Hoàng Yến Cuisine - Hai Bà Trưng/cover.jpg,10.785063415181783, 106.695996752847
Cơm Niêu Thiên Lý - Đường Số 7,images/restaurant/Cơm Niêu Thiên Lý - Đường Số 7/cover.jpg,10.75225587979537, 106.61267386633945
Higuchi Sushi & Grill - Empire City,images/restaurant/Higuchi Sushi & Grill - Empire City/cover.jpg,10.767988307970057, 106.71276959517537
Thẩm Quán - Điện Biên Phủ,images/restaurant/Thẩm Quán - Điện Biên Phủ/cover.jpg,10.802036702666562, 106.71196969517572
Chảo Cá - Crescent Mall,images/restaurant/Chảo Cá - Crescent Mall/cover.jpg,10.729178460877653, 106.71891601051784
Cheer House Restaurant - Lê Ngô Cát,images/restaurant/Cheer House Restaurant - Lê Ngô Cát/cover.jpg,10.776877481594001, 106.68526706633975
Link Bistro Café - La Siesta Premium Saigon Central - Lê Anh Xuân,images/restaurant/Link Bistro Café - La Siesta Premium Saigon Central - Lê Anh Xuân/cover.jpg,10.77197350031117, 106.69495445422655
Hoàng Ty Premium - Đường số 41,images/restaurant/Hoàng Ty Premium - Đường số 41/cover.jpg,10.73757036317164, 106.71127609517495
Việt Phố - Lê Quý Đôn,images/restaurant/Việt Phố - Lê Quý Đôn/cover.jpg,10.783550440623138, 106.68833190866836
The V Fusion - An Phú,images/restaurant/The V Fusion - An Phú/cover.jpg,10.808872882137178, 106.75061235284724
Twilight Sky Bar Sai Gon - Lý Tự Trọng,images/restaurant/Twilight Sky Bar Sai Gon - Lý Tự Trọng/cover.jpg,10.77328360723217, 106.69573193935403
Canalis Club - Nam Kỳ Khởi Nghĩa,images/restaurant/Canalis Club - Nam Kỳ Khởi Nghĩa/cover.jpg,10.787513777917015, 106.68680043750408
BRUX Belgian Capital Beer - Trần Quốc Hoàn,images/restaurant/BRUX Belgian Capital Beer - Trần Quốc Hoàn/cover.jpg,10.806043822521241, 106.66421063750434
Cơm Niêu Làng Tre - Lê Quang Định,images/restaurant/Cơm Niêu Làng Tre - Lê Quang Định/cover.jpg,10.811715357126396, 106.6909229798329
Cow Express - Lê Văn Sỹ,images/restaurant/Cow Express - Lê Văn Sỹ/cover.jpg,10.794196374396506, 106.66883830866843
Chiba - Yakiniku Nướng Nhật Bản - Hoàng Hoa Thám,images/restaurant/Chiba - Yakiniku Nướng Nhật Bản - Hoàng Hoa Thám/cover.jpg,10.800770026043114, 106.64709353750426
Ẩm Thực Sân Vườn Mái Lá – Đường Số 36,images/restaurant/Ẩm Thực Sân Vườn Mái Lá – Đường Số 36/cover.jpg,10.741457061269317, 106.70892059517507
Saigon 3 - Tú Xương,images/restaurant/Saigon 3 - Tú Xương/cover.jpg,10.783997855334439, 106.68962917983261
Làng Vũ Đại - Song Hành,images/restaurant/Làng Vũ Đại - Song Hành/cover.jpg,10.800951609606583, 106.74198389517576
Mợ Mê Ốc - Cách Mạng Tháng 8,images/restaurant/Mợ Mê Ốc - Cách Mạng Tháng 8/cover.jpg,10.77845972409414, 106.6811202889732
Cơm Tấm Thuận Kiều - Tôn Thất Tùng,images/restaurant/Cơm Tấm Thuận Kiều - Tôn Thất Tùng/cover.jpg,10.769400307079488, 106.68944275284683
Steersman Brewery Taproom - Phan Kế Bính,images/restaurant/Steersman Brewery Taproom - Phan Kế Bính/cover.jpg,10.791079788987231, 106.69848242401143
Maison Mận-Đỏ Restaurant - Trần Nhật Duật,images/restaurant/Maison Mận-Đỏ Restaurant - Trần Nhật Duật/cover.jpg,10.793384587126347, 106.69011989332557
Chanh Bistro Rooftop Saigon - Lý Tự Trọng,images/restaurant/Chanh Bistro Rooftop Saigon - Lý Tự Trọng/cover.jpg,10.772909925356819, 106.69565096633967
Ẩm Thực Việt Phố - Đường Số 24B,images/restaurant/Ẩm Thực Việt Phố - Đường Số 24B/cover.jpg,10.752393236854905, 106.6110963240109
Mr Craft - Craft Beer & Wine - Cao Triều Phát,images/restaurant/Mr Craft - Craft Beer & Wine - Cao Triều Phát/cover.jpg,10.73225950694353, 106.70958485284648
Boomerang Bistro Saigon - Tôn Dật Tiên,images/restaurant/Boomerang Bistro Saigon - Tôn Dật Tiên/cover.jpg,10.726462292732732, 106.72042505284622
Chay Xanh - Nguyễn Trọng Tuyển,images/restaurant/Chay Xanh - Nguyễn Trọng Tuyển/cover.jpg,10.797917850190341, 106.66780930866857
Phở 2000,images/restaurant/Phở 2000/cover.jpg,10.772904604903422, 106.69677362402761
Bánh mì 37,images/restaurant/Bánh mì 37/cover.jpg,10.77088902565285, 106.69254341053417
Nhậu 33,images/restaurant/Nhậu 33/cover.jpg,10.771530021248546, 106.69186748562872